Order_ID,Order_Date,Product_ID,Product_Name,Category,Unit_Price_INR,Unit_Cost_INR,Quantity,Discount_Percent,Commission_Percent,Shipping_Cost_INR,City,State,Payment_Method,Sales_Channel,Order_Status,Customer_Age,Customer_Gender,Product_Rating
ORD100002,04-03-2026,P004,USB-C Fast Charger,Electronics,899,420,1,5,3,100,Mumbai,Maharashtra,UPI,WhatsApp,Delivered,45,Male,3.1
ORD100003,07-01-2026,P007,Laptop Stand,Accessories,1499,780,1,5,12,75,Chennai,Tamil Nadu,Credit Card,Flipkart,Cancelled,55,Female,4.6
ORD100004,28-06-2026,P001,Wireless Headphones,Electronics,2499,1450,2,10,8,50,Vadodara,Gujarat,Credit Card,Amazon,Delivered,24,Male,3.8
ORD100005,09-03-2026,P012,Sunglasses,Fashion,1299,520,2,15,12,40,Chennai,Tamil Nadu,Cash on Delivery,Website,Delivered,53,Female,4.7
ORD100006,28-05-2026,P020,Mobile Cover,Accessories,499,150,2,0,3,50,Pune,Maharashtra,Debit Card,Website,Delivered,32,Male,3.8
ORD100007,11-02-2026,P015,Desk Lamp,Home & Kitchen,1199,560,1,10,5,60,Pune,Maharashtra,UPI,WhatsApp,Delivered,58,Male,4.1
ORD100008,11-03-2026,P008,Travel Backpack,Bags,2199,1150,1,20,5,60,Delhi,Delhi,UPI,Instagram,Returned,20,Female,3.8
ORD100009,13-08-2026,P003,Bluetooth Speaker,Electronics,1799,950,1,10,5,75,Chennai,Tamil Nadu,Cash on Delivery,Flipkart,Returned,27,Female,3.3
ORD100010,30-05-2026,P018,Notebook,Stationery,299,95,1,20,10,60,Kolkata,West Bengal,Credit Card,Instagram,Delivered,50,Female,3.2
ORD100011,10-06-2026,P002,Smart Watch,Electronics,3999,2200,2,15,12,40,Vadodara,Gujarat,Cash on Delivery,Flipkart,Delivered,56,Female,4.1
ORD100012,24-06-2026,P018,Notebook,Stationery,299,95,2,0,12,60,Ahmedabad,Gujarat,Debit Card,Website,Returned,36,Female,3.3
ORD100013,04-07-2026,P001,Wireless Headphones,Electronics,2499,1450,3,20,5,100,Kochi,Kerala,UPI,Amazon,Delivered,58,Other,4.2
ORD100014,19-05-2026,P005,Mechanical Keyboard,Electronics,3299,1900,1,0,12,60,Vadodara,Gujarat,Cash on Delivery,Website,Cancelled,25,Female,4.8
ORD100015,13-08-2026,P010,Casual T-Shirt,Fashion,799,350,1,0,3,75,Rajkot,Gujarat,UPI,WhatsApp,Cancelled,26,Male,4.3
ORD100016,12-08-2026,P018,Notebook,Stationery,299,95,1,15,5,100,Hyderabad,Telangana,Credit Card,Amazon,Cancelled,43,Other,4.3
ORD100017,31-01-2026,P015,Desk Lamp,Home & Kitchen,1199,560,2,5,3,60,Bengaluru,Karnataka,UPI,WhatsApp,Delivered,53,Male,4.2
ORD100018,16-01-2026,P001,Wireless Headphones,Electronics,2499,1450,1,0,3,60,Jaipur,Rajasthan,UPI,WhatsApp,Delivered,33,Female,4.3
ORD100019,14-08-2026,P007,Laptop Stand,Accessories,1499,780,1,20,10,50,Kolkata,West Bengal,Cash on Delivery,Flipkart,Cancelled,30,Male,3.2
ORD100020,30-04-2026,P014,Coffee Mug,Home & Kitchen,499,180,1,0,3,40,Delhi,Delhi,Cash on Delivery,Amazon,Returned,24,Male,3.4
ORD100021,16-02-2026,P018,Notebook,Stationery,299,95,1,15,5,40,Delhi,Delhi,Cash on Delivery,WhatsApp,Delivered,24,Male,4.3
ORD100022,26-08-2026,P018,Notebook,Stationery,299,95,2,5,10,75,Surat,Gujarat,Cash on Delivery,Instagram,Delivered,43,Male,3.3
ORD100023,26-08-2026,P001,Wireless Headphones,Electronics,2499,1450,4,10,10,100,Mumbai,Maharashtra,Cash on Delivery,Instagram,Delivered,30,Female,3.4
ORD100024,16-01-2026,P002,Smart Watch,Electronics,3999,2200,1,10,3,40,Hyderabad,Telangana,Net Banking,Flipkart,Returned,50,Other,3.3
ORD100025,18-01-2026,P017,Resistance Bands,Fitness,599,230,1,0,5,75,Vadodara,Gujarat,UPI,WhatsApp,Cancelled,33,Other,4.2
ORD100026,30-05-2026,P020,Mobile Cover,Accessories,499,150,1,20,8,60,Jaipur,Rajasthan,Credit Card,Amazon,Cancelled,33,Female,3.8
ORD100027,12-07-2026,P010,Casual T-Shirt,Fashion,799,350,1,0,10,100,Kochi,Kerala,Net Banking,Website,Delivered,22,Other,3.4
ORD100028,14-08-2026,P009,Running Shoes,Footwear,3499,1900,1,5,8,60,Pune,Maharashtra,Credit Card,Flipkart,Delivered,52,Other,3.6
ORD100029,22-05-2026,P017,Resistance Bands,Fitness,599,230,1,0,5,60,Indore,Madhya Pradesh,UPI,Website,Delivered,53,Male,3.5
ORD100030,22-02-2026,P020,Mobile Cover,Accessories,499,150,1,10,12,75,Pune,Maharashtra,Debit Card,Website,Returned,23,Other,3.8
ORD100031,17-07-2026,P009,Running Shoes,Footwear,3499,1900,1,10,5,75,Pune,Maharashtra,Net Banking,Flipkart,Delivered,53,Male,3.2
ORD100032,05-04-2026,P005,Mechanical Keyboard,Electronics,3299,1900,1,20,5,75,Indore,Madhya Pradesh,Credit Card,Website,Cancelled,37,Female,4.8
ORD100033,24-06-2026,P002,Smart Watch,Electronics,3999,2200,2,0,8,100,Rajkot,Gujarat,Cash on Delivery,WhatsApp,Delivered,27,Male,4.7
ORD100034,15-02-2026,P006,Wireless Mouse,Electronics,1299,650,2,10,10,50,Ahmedabad,Gujarat,Debit Card,Instagram,Returned,24,Female,4.7
ORD100035,24-08-2026,P016,Yoga Mat,Fitness,999,420,1,10,8,50,Indore,Madhya Pradesh,Credit Card,Website,Delivered,60,Male,3.8
ORD100036,13-03-2026,P009,Running Shoes,Footwear,3499,1900,2,20,10,100,Lucknow,Uttar Pradesh,Debit Card,Website,Delivered,25,Female,3.4
ORD100037,22-04-2026,P009,Running Shoes,Footwear,3499,1900,1,10,10,100,Chennai,Tamil Nadu,Net Banking,Website,Delivered,42,Other,3.4
ORD100038,14-05-2026,P002,Smart Watch,Electronics,3999,2200,2,5,8,75,Ahmedabad,Gujarat,UPI,Amazon,Cancelled,57,Female,4.3
ORD100039,10-05-2026,P004,USB-C Fast Charger,Electronics,899,420,2,15,8,75,Mumbai,Maharashtra,Debit Card,WhatsApp,Delivered,26,Male,3.8
ORD100040,14-02-2026,P013,Water Bottle,Home & Kitchen,699,260,1,20,8,75,Kochi,Kerala,Net Banking,Website,Cancelled,37,Female,3.4
ORD100041,30-04-2026,P019,Pen Set,Stationery,249,80,1,15,5,100,Pune,Maharashtra,Cash on Delivery,Instagram,Delivered,60,Male,3.6
ORD100042,12-07-2026,P020,Mobile Cover,Accessories,499,150,1,10,5,50,Indore,Madhya Pradesh,Credit Card,Website,Delivered,20,Male,5
ORD100043,27-04-2026,P020,Mobile Cover,Accessories,499,150,2,20,5,75,Surat,Gujarat,Cash on Delivery,Flipkart,Delivered,33,Male,4.3
ORD100044,17-07-2026,P001,Wireless Headphones,Electronics,2499,1450,2,15,5,50,Indore,Madhya Pradesh,Net Banking,Flipkart,Delivered,21,Other,3.5
ORD100045,29-04-2026,P004,USB-C Fast Charger,Electronics,899,420,1,20,12,100,Lucknow,Uttar Pradesh,Debit Card,Flipkart,Returned,57,Other,4.8
ORD100046,25-04-2026,P014,Coffee Mug,Home & Kitchen,499,180,2,15,10,60,Hyderabad,Telangana,Credit Card,Amazon,Delivered,51,Female,4.3
ORD100047,15-03-2026,P009,Running Shoes,Footwear,3499,1900,1,10,8,60,Kolkata,West Bengal,Net Banking,Website,Delivered,26,Male,3.5
ORD100048,17-04-2026,P005,Mechanical Keyboard,Electronics,3299,1900,2,10,12,75,Surat,Gujarat,Cash on Delivery,Website,Delivered,31,Female,3.8
ORD100049,08-08-2026,P019,Pen Set,Stationery,249,80,3,15,10,40,Ahmedabad,Gujarat,Debit Card,Amazon,Cancelled,42,Female,4.1
ORD100050,26-02-2026,P018,Notebook,Stationery,299,95,2,5,8,75,Kochi,Kerala,Cash on Delivery,Website,Delivered,42,Female,4.3
ORD100051,30-04-2026,P013,Water Bottle,Home & Kitchen,699,260,2,20,12,40,Indore,Madhya Pradesh,Cash on Delivery,WhatsApp,Delivered,54,Other,3.1
ORD100052,16-02-2026,P014,Coffee Mug,Home & Kitchen,499,180,1,10,10,60,Bengaluru,Karnataka,Credit Card,Flipkart,Delivered,38,Female,4.5
ORD100053,18-04-2026,P013,Water Bottle,Home & Kitchen,699,260,1,0,10,40,Indore,Madhya Pradesh,Net Banking,Website,Delivered,40,Male,4.3
ORD100054,21-02-2026,P002,Smart Watch,Electronics,3999,2200,2,20,5,50,Rajkot,Gujarat,Credit Card,Flipkart,Delivered,60,Male,4.1
ORD100055,16-07-2026,P007,Laptop Stand,Accessories,1499,780,1,5,12,100,Mumbai,Maharashtra,UPI,Instagram,Delivered,37,Male,4.2
ORD100056,07-04-2026,P010,Casual T-Shirt,Fashion,799,350,1,5,3,100,Kochi,Kerala,Credit Card,Website,Delivered,37,Other,4.2
ORD100057,20-07-2026,P004,USB-C Fast Charger,Electronics,899,420,2,10,12,75,Chennai,Tamil Nadu,Debit Card,Website,Delivered,50,Other,3.7
ORD100058,21-04-2026,P014,Coffee Mug,Home & Kitchen,499,180,2,15,5,75,Surat,Gujarat,Credit Card,WhatsApp,Delivered,59,Female,4.2
ORD100059,22-04-2026,P018,Notebook,Stationery,299,95,2,20,8,60,Bengaluru,Karnataka,Credit Card,Website,Returned,35,Female,3.5
ORD100060,08-04-2026,P015,Desk Lamp,Home & Kitchen,1199,560,1,0,10,60,Jaipur,Rajasthan,Credit Card,Flipkart,Delivered,31,Female,4.6
ORD100061,29-06-2026,P011,Hoodie,Fashion,1599,720,1,20,3,100,Chennai,Tamil Nadu,Credit Card,Website,Delivered,33,Other,3.8
ORD100062,02-05-2026,P018,Notebook,Stationery,299,95,2,15,10,40,Kolkata,West Bengal,UPI,Amazon,Returned,32,Female,4.4
ORD100063,02-05-2026,P010,Casual T-Shirt,Fashion,799,350,1,20,8,75,Pune,Maharashtra,Net Banking,Amazon,Cancelled,40,Other,3.9
ORD100064,04-07-2026,P010,Casual T-Shirt,Fashion,799,350,1,10,3,100,Surat,Gujarat,Credit Card,Instagram,Delivered,31,Other,4
ORD100065,02-06-2026,P019,Pen Set,Stationery,249,80,3,0,5,60,Hyderabad,Telangana,Credit Card,Amazon,Delivered,29,Female,3
ORD100066,14-01-2026,P018,Notebook,Stationery,299,95,1,10,5,75,Ahmedabad,Gujarat,UPI,Website,Cancelled,54,Female,3.9
ORD100067,06-03-2026,P015,Desk Lamp,Home & Kitchen,1199,560,1,0,3,75,Ahmedabad,Gujarat,Cash on Delivery,Website,Delivered,54,Other,4.4
ORD100068,19-03-2026,P005,Mechanical Keyboard,Electronics,3299,1900,1,5,3,100,Chennai,Tamil Nadu,Cash on Delivery,WhatsApp,Delivered,56,Other,3.5
ORD100069,24-04-2026,P017,Resistance Bands,Fitness,599,230,1,20,10,60,Kochi,Kerala,Net Banking,WhatsApp,Delivered,21,Other,4.9
ORD100070,10-06-2026,P004,USB-C Fast Charger,Electronics,899,420,3,10,3,50,Rajkot,Gujarat,Credit Card,Instagram,Delivered,53,Male,3.3
ORD100071,01-05-2026,P014,Coffee Mug,Home & Kitchen,499,180,1,0,5,60,Chennai,Tamil Nadu,Debit Card,Flipkart,Delivered,22,Other,3.5
ORD100072,31-05-2026,P009,Running Shoes,Footwear,3499,1900,2,5,10,40,Jaipur,Rajasthan,Net Banking,Instagram,Returned,59,Male,4.8
ORD100073,22-07-2026,P005,Mechanical Keyboard,Electronics,3299,1900,1,20,12,60,Vadodara,Gujarat,Cash on Delivery,Website,Delivered,47,Other,3.6
ORD100074,19-05-2026,P013,Water Bottle,Home & Kitchen,699,260,3,15,3,100,Hyderabad,Telangana,UPI,Flipkart,Delivered,38,Other,3.5
ORD100075,03-08-2026,P003,Bluetooth Speaker,Electronics,1799,950,1,20,3,60,Jaipur,Rajasthan,Net Banking,Website,Cancelled,29,Female,4
ORD100076,30-05-2026,P015,Desk Lamp,Home & Kitchen,1199,560,2,15,3,75,Vadodara,Gujarat,Debit Card,Flipkart,Delivered,39,Female,4.3
ORD100077,07-05-2026,P006,Wireless Mouse,Electronics,1299,650,1,15,12,40,Kolkata,West Bengal,Cash on Delivery,Website,Delivered,38,Female,3.6
ORD100078,01-01-2026,P013,Water Bottle,Home & Kitchen,699,260,2,20,10,75,Indore,Madhya Pradesh,UPI,Instagram,Returned,51,Female,4.2
ORD100079,14-01-2026,P016,Yoga Mat,Fitness,999,420,1,10,12,50,Lucknow,Uttar Pradesh,Debit Card,Flipkart,Delivered,49,Male,3.1
ORD100080,10-02-2026,P020,Mobile Cover,Accessories,499,150,2,20,3,100,Kolkata,West Bengal,Cash on Delivery,Website,Delivered,32,Male,3.9
ORD100081,08-05-2026,P004,USB-C Fast Charger,Electronics,899,420,1,10,12,60,Vadodara,Gujarat,Cash on Delivery,Flipkart,Returned,48,Male,3.9
ORD100082,03-06-2026,P005,Mechanical Keyboard,Electronics,3299,1900,1,5,3,60,Kochi,Kerala,Cash on Delivery,Amazon,Cancelled,50,Female,4.6
ORD100083,31-05-2026,P010,Casual T-Shirt,Fashion,799,350,2,15,5,75,Indore,Madhya Pradesh,Net Banking,Flipkart,Cancelled,40,Female,4.1
ORD100084,24-03-2026,P018,Notebook,Stationery,299,95,1,5,12,75,Kochi,Kerala,Credit Card,Flipkart,Delivered,20,Female,4.5
ORD100085,22-07-2026,P013,Water Bottle,Home & Kitchen,699,260,1,5,10,40,Jaipur,Rajasthan,Credit Card,WhatsApp,Returned,55,Female,4.7
ORD100086,27-04-2026,P015,Desk Lamp,Home & Kitchen,1199,560,1,5,10,50,Kochi,Kerala,UPI,Flipkart,Delivered,34,Female,4.2
ORD100087,26-03-2026,P013,Water Bottle,Home & Kitchen,699,260,1,20,10,60,Indore,Madhya Pradesh,Cash on Delivery,WhatsApp,Returned,20,Other,3.1
ORD100088,24-01-2026,P010,Casual T-Shirt,Fashion,799,350,4,0,3,75,Kolkata,West Bengal,Credit Card,Amazon,Delivered,19,Male,3.6
ORD100089,21-04-2026,P002,Smart Watch,Electronics,3999,2200,1,5,12,75,Pune,Maharashtra,Net Banking,Instagram,Delivered,28,Male,3.2
ORD100090,08-05-2026,P013,Water Bottle,Home & Kitchen,699,260,1,5,5,75,Rajkot,Gujarat,Debit Card,Flipkart,Cancelled,34,Other,3
ORD100091,20-05-2026,P015,Desk Lamp,Home & Kitchen,1199,560,2,0,10,60,Jaipur,Rajasthan,Net Banking,Amazon,Delivered,58,Female,4.4
ORD100092,09-04-2026,P015,Desk Lamp,Home & Kitchen,1199,560,2,0,5,75,Rajkot,Gujarat,Net Banking,Amazon,Delivered,54,Female,5
ORD100093,18-06-2026,P010,Casual T-Shirt,Fashion,799,350,1,10,3,100,Indore,Madhya Pradesh,UPI,WhatsApp,Delivered,49,Female,4.6
ORD100094,26-02-2026,P008,Travel Backpack,Bags,2199,1150,1,5,12,60,Pune,Maharashtra,Credit Card,Website,Returned,58,Other,3.1
ORD100095,07-07-2026,P015,Desk Lamp,Home & Kitchen,1199,560,1,0,8,60,Pune,Maharashtra,Cash on Delivery,Instagram,Delivered,30,Male,4.6
ORD100096,11-03-2026,P012,Sunglasses,Fashion,1299,520,1,10,10,60,Kochi,Kerala,Debit Card,Website,Delivered,47,Male,3.3
ORD100097,22-06-2026,P008,Travel Backpack,Bags,2199,1150,2,20,8,40,Kolkata,West Bengal,Cash on Delivery,Website,Delivered,34,Other,3.2
ORD100098,09-03-2026,P012,Sunglasses,Fashion,1299,520,1,15,8,40,Jaipur,Rajasthan,Credit Card,Flipkart,Cancelled,19,Other,4.8
ORD100099,26-02-2026,P018,Notebook,Stationery,299,95,1,0,10,60,Chennai,Tamil Nadu,Cash on Delivery,Website,Returned,26,Male,4.9
ORD100100,25-01-2026,P010,Casual T-Shirt,Fashion,799,350,4,20,5,75,Surat,Gujarat,Cash on Delivery,Amazon,Delivered,60,Other,4.4
ORD100101,06-07-2026,P018,Notebook,Stationery,299,95,1,15,3,75,Kolkata,West Bengal,Net Banking,Flipkart,Delivered,35,Male,4.4
ORD100102,07-08-2026,P007,Laptop Stand,Accessories,1499,780,1,0,8,100,Rajkot,Gujarat,Debit Card,Website,Delivered,43,Female,3.4
ORD100103,27-04-2026,P004,USB-C Fast Charger,Electronics,899,420,3,5,12,40,Indore,Madhya Pradesh,UPI,Amazon,Delivered,33,Male,4.6
ORD100104,22-05-2026,P007,Laptop Stand,Accessories,1499,780,1,20,5,50,Lucknow,Uttar Pradesh,Debit Card,Instagram,Delivered,56,Male,3.6
ORD100105,06-03-2026,P005,Mechanical Keyboard,Electronics,3299,1900,4,0,3,50,Hyderabad,Telangana,UPI,Amazon,Delivered,33,Other,3.6
ORD100106,09-07-2026,P006,Wireless Mouse,Electronics,1299,650,1,20,3,40,Vadodara,Gujarat,Cash on Delivery,Flipkart,Delivered,41,Other,4.2
ORD100107,12-01-2026,P015,Desk Lamp,Home & Kitchen,1199,560,1,20,8,75,Chennai,Tamil Nadu,UPI,Website,Returned,48,Female,3.9
ORD100108,24-04-2026,P004,USB-C Fast Charger,Electronics,899,420,1,0,8,100,Kochi,Kerala,Credit Card,Website,Delivered,26,Female,4.2
ORD100109,08-04-2026,P019,Pen Set,Stationery,249,80,1,20,8,75,Pune,Maharashtra,Net Banking,WhatsApp,Cancelled,45,Male,4.6
ORD100110,13-08-2026,P004,USB-C Fast Charger,Electronics,899,420,2,5,10,75,Jaipur,Rajasthan,Credit Card,Flipkart,Cancelled,39,Female,3.8
ORD100111,20-06-2026,P004,USB-C Fast Charger,Electronics,899,420,1,10,5,75,Pune,Maharashtra,UPI,Website,Delivered,23,Male,3.9
ORD100112,16-01-2026,P012,Sunglasses,Fashion,1299,520,2,20,12,60,Hyderabad,Telangana,UPI,Flipkart,Cancelled,40,Other,4.9
ORD100113,14-01-2026,P014,Coffee Mug,Home & Kitchen,499,180,2,20,8,60,Kolkata,West Bengal,UPI,WhatsApp,Delivered,50,Male,3.3
ORD100114,31-03-2026,P016,Yoga Mat,Fitness,999,420,1,10,3,60,Surat,Gujarat,Net Banking,Instagram,Cancelled,45,Other,4.9
ORD100115,23-05-2026,P020,Mobile Cover,Accessories,499,150,1,20,8,40,Jaipur,Rajasthan,Credit Card,Amazon,Delivered,37,Female,3.7
ORD100116,18-06-2026,P006,Wireless Mouse,Electronics,1299,650,2,0,5,40,Chennai,Tamil Nadu,UPI,WhatsApp,Delivered,31,Female,3.8
ORD100117,04-07-2026,P011,Hoodie,Fashion,1599,720,1,20,12,40,Mumbai,Maharashtra,UPI,Instagram,Delivered,28,Other,3.1
ORD100118,19-04-2026,P003,Bluetooth Speaker,Electronics,1799,950,1,20,10,75,Jaipur,Rajasthan,Debit Card,Instagram,Delivered,50,Male,3.7
ORD100119,01-06-2026,P004,USB-C Fast Charger,Electronics,899,420,1,20,8,40,Jaipur,Rajasthan,Credit Card,Flipkart,Delivered,56,Male,3
ORD100120,05-02-2026,P010,Casual T-Shirt,Fashion,799,350,3,10,8,40,Lucknow,Uttar Pradesh,UPI,Flipkart,Delivered,45,Male,3.3
ORD100121,24-05-2026,P018,Notebook,Stationery,299,95,2,10,3,75,Hyderabad,Telangana,UPI,Flipkart,Returned,19,Female,4.8
ORD100122,14-04-2026,P011,Hoodie,Fashion,1599,720,1,15,8,40,Chennai,Tamil Nadu,Cash on Delivery,Website,Returned,38,Male,4.6
ORD100123,24-08-2026,P020,Mobile Cover,Accessories,499,150,1,0,10,40,Kolkata,West Bengal,Credit Card,Flipkart,Delivered,55,Female,4
ORD100124,28-03-2026,P013,Water Bottle,Home & Kitchen,699,260,2,10,5,40,Kolkata,West Bengal,Net Banking,Website,Delivered,51,Other,3.4
ORD100125,15-06-2026,P012,Sunglasses,Fashion,1299,520,1,5,3,50,Indore,Madhya Pradesh,Debit Card,Instagram,Delivered,29,Other,3.3
ORD100126,10-06-2026,P003,Bluetooth Speaker,Electronics,1799,950,1,15,12,100,Lucknow,Uttar Pradesh,Cash on Delivery,WhatsApp,Delivered,59,Other,5
ORD100127,22-03-2026,P011,Hoodie,Fashion,1599,720,2,15,3,75,Jaipur,Rajasthan,Cash on Delivery,Amazon,Delivered,35,Other,3.1
ORD100128,26-04-2026,P017,Resistance Bands,Fitness,599,230,1,0,8,60,Bengaluru,Karnataka,UPI,Website,Delivered,57,Other,4
ORD100129,09-07-2026,P015,Desk Lamp,Home & Kitchen,1199,560,1,15,12,50,Lucknow,Uttar Pradesh,Debit Card,WhatsApp,Delivered,48,Other,3.3
ORD100130,19-08-2026,P002,Smart Watch,Electronics,3999,2200,1,0,12,50,Lucknow,Uttar Pradesh,UPI,Instagram,Delivered,46,Female,4
ORD100131,23-08-2026,P020,Mobile Cover,Accessories,499,150,1,15,10,60,Pune,Maharashtra,Net Banking,Website,Delivered,58,Other,3.7
ORD100132,09-04-2026,P011,Hoodie,Fashion,1599,720,1,10,12,50,Jaipur,Rajasthan,Debit Card,Website,Delivered,55,Other,3.3
ORD100133,28-06-2026,P012,Sunglasses,Fashion,1299,520,1,15,5,100,Jaipur,Rajasthan,UPI,Amazon,Returned,53,Female,4.3
ORD100134,29-06-2026,P011,Hoodie,Fashion,1599,720,2,20,3,75,Jaipur,Rajasthan,Net Banking,Amazon,Returned,19,Female,3.6
ORD100135,05-05-2026,P007,Laptop Stand,Accessories,1499,780,1,5,5,50,Lucknow,Uttar Pradesh,UPI,Amazon,Delivered,24,Other,4.5
ORD100136,13-08-2026,P017,Resistance Bands,Fitness,599,230,1,5,12,75,Pune,Maharashtra,Credit Card,Instagram,Cancelled,29,Other,4.5
ORD100137,16-04-2026,P006,Wireless Mouse,Electronics,1299,650,2,5,10,100,Ahmedabad,Gujarat,Debit Card,Flipkart,Delivered,32,Other,3.5
ORD100138,05-04-2026,P016,Yoga Mat,Fitness,999,420,2,20,10,75,Rajkot,Gujarat,Debit Card,Flipkart,Returned,50,Other,3.8
ORD100139,04-06-2026,P006,Wireless Mouse,Electronics,1299,650,2,10,3,75,Lucknow,Uttar Pradesh,Debit Card,WhatsApp,Delivered,24,Other,4.7
ORD100140,11-02-2026,P004,USB-C Fast Charger,Electronics,899,420,1,15,12,50,Lucknow,Uttar Pradesh,Cash on Delivery,Website,Delivered,32,Female,4.8
ORD100141,09-05-2026,P001,Wireless Headphones,Electronics,2499,1450,1,5,10,40,Delhi,Delhi,Debit Card,Instagram,Delivered,19,Female,4.9
ORD100142,10-01-2026,P011,Hoodie,Fashion,1599,720,2,15,5,75,Vadodara,Gujarat,Cash on Delivery,WhatsApp,Delivered,18,Male,3
ORD100143,06-07-2026,P007,Laptop Stand,Accessories,1499,780,2,20,10,40,Hyderabad,Telangana,Debit Card,Instagram,Cancelled,37,Male,3.1
ORD100144,28-04-2026,P014,Coffee Mug,Home & Kitchen,499,180,1,0,10,100,Chennai,Tamil Nadu,Net Banking,Website,Delivered,58,Other,4.2
ORD100145,07-06-2026,P005,Mechanical Keyboard,Electronics,3299,1900,1,5,12,75,Ahmedabad,Gujarat,Credit Card,Website,Delivered,51,Female,3.1
ORD100146,10-05-2026,P017,Resistance Bands,Fitness,599,230,1,0,10,75,Lucknow,Uttar Pradesh,UPI,Flipkart,Cancelled,41,Female,4.5
ORD100147,03-03-2026,P012,Sunglasses,Fashion,1299,520,2,0,12,60,Pune,Maharashtra,Credit Card,Website,Returned,40,Other,3.7
ORD100148,29-04-2026,P006,Wireless Mouse,Electronics,1299,650,2,15,5,50,Jaipur,Rajasthan,UPI,Flipkart,Returned,20,Female,3.4
ORD100149,27-08-2026,P007,Laptop Stand,Accessories,1499,780,2,20,10,100,Pune,Maharashtra,Cash on Delivery,Amazon,Delivered,20,Other,3.4
ORD100150,10-08-2026,P012,Sunglasses,Fashion,1299,520,2,10,8,40,Ahmedabad,Gujarat,Debit Card,Flipkart,Returned,43,Other,3.9
ORD100151,08-05-2026,P013,Water Bottle,Home & Kitchen,699,260,1,15,8,100,Vadodara,Gujarat,Debit Card,Website,Returned,45,Male,3.9
ORD100152,27-01-2026,P006,Wireless Mouse,Electronics,1299,650,1,10,8,60,Pune,Maharashtra,Cash on Delivery,WhatsApp,Delivered,45,Male,4.4
ORD100153,11-08-2026,P012,Sunglasses,Fashion,1299,520,1,20,10,60,Kolkata,West Bengal,UPI,Website,Delivered,60,Other,3.8
ORD100154,10-02-2026,P017,Resistance Bands,Fitness,599,230,2,5,12,75,Jaipur,Rajasthan,UPI,Instagram,Delivered,22,Male,4.6
ORD100155,09-01-2026,P012,Sunglasses,Fashion,1299,520,1,5,10,60,Chennai,Tamil Nadu,Debit Card,Flipkart,Cancelled,22,Other,3.3
ORD100156,13-03-2026,P012,Sunglasses,Fashion,1299,520,1,0,3,50,Jaipur,Rajasthan,Cash on Delivery,WhatsApp,Delivered,42,Other,3.2
ORD100157,06-06-2026,P009,Running Shoes,Footwear,3499,1900,2,15,5,40,Rajkot,Gujarat,Credit Card,Website,Delivered,46,Male,4.8
ORD100158,24-06-2026,P015,Desk Lamp,Home & Kitchen,1199,560,4,10,3,100,Lucknow,Uttar Pradesh,Net Banking,Amazon,Delivered,37,Male,4.4
ORD100159,27-02-2026,P006,Wireless Mouse,Electronics,1299,650,2,5,5,50,Hyderabad,Telangana,Cash on Delivery,Website,Delivered,41,Other,4.1
ORD100160,03-02-2026,P015,Desk Lamp,Home & Kitchen,1199,560,2,0,3,60,Hyderabad,Telangana,Cash on Delivery,Flipkart,Cancelled,51,Female,4.5
ORD100161,14-06-2026,P019,Pen Set,Stationery,249,80,1,15,10,100,Pune,Maharashtra,Debit Card,Instagram,Delivered,53,Other,4.2
ORD100162,11-08-2026,P005,Mechanical Keyboard,Electronics,3299,1900,1,0,12,50,Kochi,Kerala,Debit Card,Instagram,Delivered,28,Female,4.9
ORD100163,18-08-2026,P008,Travel Backpack,Bags,2199,1150,1,0,8,50,Hyderabad,Telangana,Net Banking,Amazon,Delivered,26,Other,3.6
ORD100164,13-02-2026,P018,Notebook,Stationery,299,95,1,20,5,50,Jaipur,Rajasthan,Net Banking,WhatsApp,Cancelled,39,Other,3.1
ORD100165,17-07-2026,P001,Wireless Headphones,Electronics,2499,1450,1,10,5,100,Jaipur,Rajasthan,Cash on Delivery,WhatsApp,Cancelled,58,Male,4
ORD100166,04-05-2026,P018,Notebook,Stationery,299,95,1,15,8,75,Mumbai,Maharashtra,UPI,Website,Delivered,28,Female,3.8
ORD100167,06-02-2026,P015,Desk Lamp,Home & Kitchen,1199,560,1,10,8,75,Chennai,Tamil Nadu,Credit Card,Amazon,Delivered,50,Other,3.2
ORD100168,26-04-2026,P008,Travel Backpack,Bags,2199,1150,1,5,3,40,Mumbai,Maharashtra,Debit Card,Flipkart,Delivered,57,Female,3.5
ORD100169,28-05-2026,P006,Wireless Mouse,Electronics,1299,650,2,10,5,50,Kochi,Kerala,Cash on Delivery,WhatsApp,Returned,47,Female,4.8
ORD100170,10-05-2026,P016,Yoga Mat,Fitness,999,420,1,5,5,100,Delhi,Delhi,Debit Card,Website,Delivered,21,Female,4
ORD100171,05-08-2026,P016,Yoga Mat,Fitness,999,420,1,15,5,60,Ahmedabad,Gujarat,Debit Card,Flipkart,Delivered,41,Male,3.8
ORD100172,22-05-2026,P019,Pen Set,Stationery,249,80,1,0,10,100,Pune,Maharashtra,Cash on Delivery,WhatsApp,Delivered,35,Other,4.4
ORD100173,11-04-2026,P004,USB-C Fast Charger,Electronics,899,420,1,10,12,60,Surat,Gujarat,Credit Card,Instagram,Delivered,56,Other,3.8
ORD100174,02-07-2026,P002,Smart Watch,Electronics,3999,2200,1,15,12,75,Vadodara,Gujarat,Credit Card,WhatsApp,Delivered,50,Male,3.7
ORD100175,07-06-2026,P020,Mobile Cover,Accessories,499,150,1,10,12,60,Delhi,Delhi,Net Banking,WhatsApp,Returned,52,Female,4.4
ORD100176,05-04-2026,P010,Casual T-Shirt,Fashion,799,350,1,0,10,100,Ahmedabad,Gujarat,Debit Card,Website,Delivered,56,Female,3.5
ORD100177,14-01-2026,P019,Pen Set,Stationery,249,80,1,15,5,100,Kolkata,West Bengal,Net Banking,Flipkart,Cancelled,27,Other,3.5
ORD100178,18-02-2026,P019,Pen Set,Stationery,249,80,3,15,8,75,Surat,Gujarat,Credit Card,Flipkart,Delivered,31,Female,4
ORD100179,06-08-2026,P020,Mobile Cover,Accessories,499,150,3,0,5,100,Indore,Madhya Pradesh,Credit Card,WhatsApp,Returned,38,Other,4
ORD100180,28-04-2026,P013,Water Bottle,Home & Kitchen,699,260,1,10,12,60,Vadodara,Gujarat,Debit Card,WhatsApp,Cancelled,48,Male,4.9
ORD100181,18-03-2026,P009,Running Shoes,Footwear,3499,1900,1,5,10,60,Rajkot,Gujarat,Cash on Delivery,Amazon,Delivered,53,Other,3.5
ORD100182,08-04-2026,P004,USB-C Fast Charger,Electronics,899,420,1,10,5,60,Hyderabad,Telangana,UPI,Amazon,Delivered,23,Female,4.8
ORD100183,21-02-2026,P009,Running Shoes,Footwear,3499,1900,2,10,12,60,Rajkot,Gujarat,Credit Card,Website,Cancelled,57,Other,4.2
ORD100184,16-05-2026,P008,Travel Backpack,Bags,2199,1150,1,5,3,40,Kochi,Kerala,Cash on Delivery,Amazon,Delivered,48,Male,4.4
ORD100185,26-08-2026,P005,Mechanical Keyboard,Electronics,3299,1900,1,15,10,75,Hyderabad,Telangana,Credit Card,Amazon,Delivered,38,Female,4.3
ORD100186,17-05-2026,P003,Bluetooth Speaker,Electronics,1799,950,1,0,5,75,Rajkot,Gujarat,Credit Card,Website,Returned,43,Female,3.4
ORD100187,18-03-2026,P010,Casual T-Shirt,Fashion,799,350,2,20,3,60,Ahmedabad,Gujarat,Debit Card,Flipkart,Cancelled,59,Other,4
ORD100188,11-03-2026,P005,Mechanical Keyboard,Electronics,3299,1900,2,0,8,50,Bengaluru,Karnataka,Cash on Delivery,Amazon,Delivered,29,Male,4.5
ORD100189,19-02-2026,P010,Casual T-Shirt,Fashion,799,350,1,20,10,75,Lucknow,Uttar Pradesh,Net Banking,Amazon,Delivered,23,Female,4.3
ORD100190,24-03-2026,P006,Wireless Mouse,Electronics,1299,650,4,0,8,75,Bengaluru,Karnataka,Credit Card,Flipkart,Delivered,35,Female,3.6
ORD100191,03-04-2026,P019,Pen Set,Stationery,249,80,1,5,3,40,Jaipur,Rajasthan,Cash on Delivery,Amazon,Returned,28,Female,4.4
ORD100192,23-08-2026,P010,Casual T-Shirt,Fashion,799,350,1,10,12,50,Jaipur,Rajasthan,Credit Card,Instagram,Delivered,48,Male,3.9
ORD100193,21-05-2026,P020,Mobile Cover,Accessories,499,150,1,20,5,50,Kolkata,West Bengal,Net Banking,Website,Delivered,51,Female,4.1
ORD100194,29-01-2026,P012,Sunglasses,Fashion,1299,520,1,20,12,50,Chennai,Tamil Nadu,Net Banking,WhatsApp,Delivered,27,Male,3.7
ORD100195,22-02-2026,P017,Resistance Bands,Fitness,599,230,1,20,10,40,Jaipur,Rajasthan,Net Banking,Flipkart,Returned,21,Female,3.3
ORD100196,24-05-2026,P014,Coffee Mug,Home & Kitchen,499,180,1,10,3,75,Ahmedabad,Gujarat,Debit Card,Website,Delivered,31,Other,3.1
ORD100197,19-05-2026,P014,Coffee Mug,Home & Kitchen,499,180,1,0,10,40,Surat,Gujarat,Debit Card,Flipkart,Delivered,29,Male,4.5
ORD100198,08-04-2026,P014,Coffee Mug,Home & Kitchen,499,180,1,15,10,40,Kochi,Kerala,Net Banking,Instagram,Delivered,59,Female,3.2
ORD100199,06-07-2026,P018,Notebook,Stationery,299,95,1,0,3,60,Vadodara,Gujarat,Cash on Delivery,WhatsApp,Delivered,45,Other,3.8
ORD100200,09-02-2026,P008,Travel Backpack,Bags,2199,1150,1,5,3,40,Pune,Maharashtra,Cash on Delivery,WhatsApp,Delivered,19,Male,3.4
ORD100201,03-06-2026,P004,USB-C Fast Charger,Electronics,899,420,1,0,5,40,Bengaluru,Karnataka,Cash on Delivery,Flipkart,Returned,32,Other,3.4
ORD100202,01-03-2026,P002,Smart Watch,Electronics,3999,2200,1,20,8,100,Mumbai,Maharashtra,Net Banking,Amazon,Returned,33,Female,4.8
ORD100203,12-03-2026,P017,Resistance Bands,Fitness,599,230,1,20,12,50,Mumbai,Maharashtra,Cash on Delivery,WhatsApp,Delivered,49,Male,4.9
ORD100204,28-06-2026,P013,Water Bottle,Home & Kitchen,699,260,2,15,5,60,Pune,Maharashtra,Cash on Delivery,Instagram,Delivered,52,Female,3.5
ORD100205,06-02-2026,P008,Travel Backpack,Bags,2199,1150,1,0,12,75,Kolkata,West Bengal,Cash on Delivery,WhatsApp,Delivered,51,Male,3.8
ORD100206,21-01-2026,P009,Running Shoes,Footwear,3499,1900,1,10,3,100,Jaipur,Rajasthan,Credit Card,Website,Delivered,35,Female,4.3
ORD100207,18-02-2026,P020,Mobile Cover,Accessories,499,150,1,20,5,75,Surat,Gujarat,Credit Card,Amazon,Cancelled,37,Male,3.4
ORD100208,11-07-2026,P007,Laptop Stand,Accessories,1499,780,3,5,12,50,Surat,Gujarat,Cash on Delivery,Instagram,Delivered,53,Female,4.6
ORD100209,02-04-2026,P013,Water Bottle,Home & Kitchen,699,260,1,10,8,100,Jaipur,Rajasthan,Cash on Delivery,Flipkart,Delivered,24,Other,3.9
ORD100210,22-03-2026,P011,Hoodie,Fashion,1599,720,2,0,12,50,Pune,Maharashtra,Credit Card,Website,Delivered,34,Other,4.9
ORD100211,09-02-2026,P019,Pen Set,Stationery,249,80,2,10,5,75,Mumbai,Maharashtra,Net Banking,Instagram,Delivered,49,Other,4.3
ORD100212,06-05-2026,P011,Hoodie,Fashion,1599,720,1,15,10,50,Indore,Madhya Pradesh,Debit Card,Instagram,Returned,26,Other,4.1
ORD100213,14-06-2026,P006,Wireless Mouse,Electronics,1299,650,2,20,3,40,Hyderabad,Telangana,UPI,Website,Delivered,44,Male,4.7
ORD100214,03-01-2026,P008,Travel Backpack,Bags,2199,1150,1,20,10,60,Vadodara,Gujarat,UPI,WhatsApp,Delivered,58,Other,4.9
ORD100215,02-01-2026,P016,Yoga Mat,Fitness,999,420,1,20,10,40,Ahmedabad,Gujarat,UPI,WhatsApp,Cancelled,35,Other,5
ORD100216,22-06-2026,P001,Wireless Headphones,Electronics,2499,1450,1,5,3,40,Kolkata,West Bengal,Net Banking,Instagram,Delivered,33,Male,4.2
ORD100217,23-07-2026,P009,Running Shoes,Footwear,3499,1900,2,0,8,75,Mumbai,Maharashtra,Cash on Delivery,WhatsApp,Delivered,33,Other,3.5
ORD100218,16-06-2026,P003,Bluetooth Speaker,Electronics,1799,950,1,0,10,75,Indore,Madhya Pradesh,Cash on Delivery,WhatsApp,Delivered,48,Male,4.3
ORD100219,22-04-2026,P006,Wireless Mouse,Electronics,1299,650,1,10,12,40,Indore,Madhya Pradesh,Net Banking,Website,Returned,32,Male,4.8
ORD100220,25-08-2026,P019,Pen Set,Stationery,249,80,1,10,12,100,Ahmedabad,Gujarat,UPI,Instagram,Delivered,38,Male,4.9
ORD100221,02-07-2026,P019,Pen Set,Stationery,249,80,1,0,8,50,Indore,Madhya Pradesh,Net Banking,Instagram,Delivered,54,Female,4.4
ORD100222,09-07-2026,P018,Notebook,Stationery,299,95,1,0,12,60,Lucknow,Uttar Pradesh,UPI,Website,Delivered,45,Male,4.7
ORD100223,02-06-2026,P011,Hoodie,Fashion,1599,720,1,10,3,60,Chennai,Tamil Nadu,Cash on Delivery,Flipkart,Delivered,32,Female,4.1
ORD100224,30-05-2026,P013,Water Bottle,Home & Kitchen,699,260,1,15,3,100,Jaipur,Rajasthan,Debit Card,Instagram,Returned,22,Male,3.5
ORD100225,09-02-2026,P013,Water Bottle,Home & Kitchen,699,260,2,15,8,60,Jaipur,Rajasthan,UPI,Website,Returned,18,Female,3.9
ORD100226,17-02-2026,P009,Running Shoes,Footwear,3499,1900,1,15,12,100,Surat,Gujarat,Net Banking,Flipkart,Delivered,24,Male,3.2
ORD100227,20-07-2026,P018,Notebook,Stationery,299,95,1,15,3,60,Chennai,Tamil Nadu,Cash on Delivery,Flipkart,Delivered,23,Other,4.8
ORD100228,25-06-2026,P008,Travel Backpack,Bags,2199,1150,1,5,5,60,Vadodara,Gujarat,Debit Card,Amazon,Delivered,49,Male,3.1
ORD100229,04-05-2026,P014,Coffee Mug,Home & Kitchen,499,180,1,10,8,50,Mumbai,Maharashtra,Cash on Delivery,WhatsApp,Delivered,57,Male,3.9
ORD100230,27-03-2026,P005,Mechanical Keyboard,Electronics,3299,1900,1,15,8,75,Delhi,Delhi,Debit Card,Flipkart,Cancelled,59,Other,3.3
ORD100231,21-02-2026,P011,Hoodie,Fashion,1599,720,1,10,5,75,Kolkata,West Bengal,Debit Card,Amazon,Delivered,58,Female,4.9
ORD100232,29-07-2026,P008,Travel Backpack,Bags,2199,1150,1,10,3,100,Mumbai,Maharashtra,Credit Card,WhatsApp,Delivered,52,Male,4.4
ORD100233,29-04-2026,P018,Notebook,Stationery,299,95,1,5,10,60,Kolkata,West Bengal,UPI,Flipkart,Returned,49,Male,4.3
ORD100234,03-07-2026,P008,Travel Backpack,Bags,2199,1150,1,15,3,75,Vadodara,Gujarat,Net Banking,Flipkart,Delivered,55,Female,4.1
ORD100235,03-04-2026,P014,Coffee Mug,Home & Kitchen,499,180,1,20,12,40,Lucknow,Uttar Pradesh,UPI,Instagram,Returned,60,Other,3.7
ORD100236,23-06-2026,P020,Mobile Cover,Accessories,499,150,1,15,8,75,Jaipur,Rajasthan,UPI,Website,Returned,24,Female,3.4
ORD100237,28-05-2026,P017,Resistance Bands,Fitness,599,230,1,15,8,75,Kolkata,West Bengal,Cash on Delivery,WhatsApp,Delivered,50,Male,3.7
ORD100238,17-04-2026,P001,Wireless Headphones,Electronics,2499,1450,1,0,5,60,Mumbai,Maharashtra,Debit Card,Amazon,Delivered,47,Male,4
ORD100239,04-07-2026,P012,Sunglasses,Fashion,1299,520,1,15,8,40,Bengaluru,Karnataka,Debit Card,Website,Returned,25,Male,4.7
ORD100240,27-08-2026,P004,USB-C Fast Charger,Electronics,899,420,1,5,12,50,Vadodara,Gujarat,Net Banking,Instagram,Returned,39,Other,3.9
ORD100241,11-06-2026,P015,Desk Lamp,Home & Kitchen,1199,560,1,5,10,75,Delhi,Delhi,UPI,WhatsApp,Delivered,30,Female,4.2
ORD100242,22-02-2026,P013,Water Bottle,Home & Kitchen,699,260,1,0,12,40,Rajkot,Gujarat,Net Banking,Instagram,Delivered,41,Female,3.4
ORD100243,06-05-2026,P004,USB-C Fast Charger,Electronics,899,420,1,10,12,75,Indore,Madhya Pradesh,Net Banking,Flipkart,Cancelled,55,Male,3.7
ORD100244,22-06-2026,P015,Desk Lamp,Home & Kitchen,1199,560,1,10,12,100,Indore,Madhya Pradesh,UPI,Instagram,Returned,38,Male,3.5
ORD100245,06-02-2026,P004,USB-C Fast Charger,Electronics,899,420,1,15,10,100,Kolkata,West Bengal,Credit Card,WhatsApp,Cancelled,42,Female,3.4
ORD100246,27-08-2026,P018,Notebook,Stationery,299,95,1,20,5,75,Jaipur,Rajasthan,Debit Card,Instagram,Delivered,29,Female,4.7
ORD100247,03-01-2026,P020,Mobile Cover,Accessories,499,150,1,5,5,75,Pune,Maharashtra,Net Banking,WhatsApp,Delivered,59,Female,3.8
ORD100248,24-04-2026,P016,Yoga Mat,Fitness,999,420,1,5,3,100,Indore,Madhya Pradesh,UPI,Instagram,Delivered,36,Male,3.5
ORD100249,28-04-2026,P018,Notebook,Stationery,299,95,1,15,12,100,Lucknow,Uttar Pradesh,UPI,WhatsApp,Cancelled,25,Female,4.6
ORD100250,11-01-2026,P012,Sunglasses,Fashion,1299,520,1,15,12,50,Lucknow,Uttar Pradesh,Cash on Delivery,Website,Returned,59,Male,3.6
ORD100251,09-08-2026,P002,Smart Watch,Electronics,3999,2200,1,15,3,50,Pune,Maharashtra,Credit Card,WhatsApp,Delivered,40,Other,4.2
ORD100252,20-07-2026,P014,Coffee Mug,Home & Kitchen,499,180,1,5,3,100,Vadodara,Gujarat,Debit Card,WhatsApp,Delivered,35,Other,4.1
ORD100253,16-03-2026,P011,Hoodie,Fashion,1599,720,3,10,12,40,Mumbai,Maharashtra,Credit Card,Flipkart,Cancelled,21,Female,4.7
ORD100254,05-03-2026,P005,Mechanical Keyboard,Electronics,3299,1900,2,10,5,75,Vadodara,Gujarat,Cash on Delivery,Instagram,Delivered,54,Other,3.5
ORD100255,12-06-2026,P014,Coffee Mug,Home & Kitchen,499,180,1,15,12,60,Surat,Gujarat,Debit Card,Flipkart,Delivered,49,Female,4.2
ORD100256,12-06-2026,P003,Bluetooth Speaker,Electronics,1799,950,2,10,3,100,Bengaluru,Karnataka,Cash on Delivery,Instagram,Returned,45,Male,4
ORD100257,21-05-2026,P011,Hoodie,Fashion,1599,720,2,5,12,75,Pune,Maharashtra,Debit Card,Website,Cancelled,20,Male,4.3
ORD100258,08-08-2026,P015,Desk Lamp,Home & Kitchen,1199,560,1,15,10,40,Kochi,Kerala,Cash on Delivery,Instagram,Delivered,26,Other,3.6
ORD100259,06-03-2026,P009,Running Shoes,Footwear,3499,1900,1,10,5,40,Pune,Maharashtra,Cash on Delivery,Amazon,Delivered,32,Female,4.3
ORD100260,20-01-2026,P004,USB-C Fast Charger,Electronics,899,420,1,20,5,100,Bengaluru,Karnataka,Cash on Delivery,Website,Delivered,18,Other,3.7
ORD100261,27-06-2026,P004,USB-C Fast Charger,Electronics,899,420,4,15,3,50,Delhi,Delhi,Cash on Delivery,Website,Delivered,24,Male,3.6
ORD100262,28-07-2026,P010,Casual T-Shirt,Fashion,799,350,1,5,3,100,Lucknow,Uttar Pradesh,Net Banking,Website,Delivered,57,Other,3.3
ORD100263,11-07-2026,P012,Sunglasses,Fashion,1299,520,2,15,12,75,Jaipur,Rajasthan,Credit Card,Website,Delivered,24,Male,4.5
ORD100264,20-04-2026,P019,Pen Set,Stationery,249,80,2,5,5,60,Pune,Maharashtra,UPI,Instagram,Delivered,53,Other,4.2
ORD100265,07-01-2026,P020,Mobile Cover,Accessories,499,150,1,10,5,100,Kolkata,West Bengal,Net Banking,WhatsApp,Returned,30,Other,3.8
ORD100266,03-03-2026,P002,Smart Watch,Electronics,3999,2200,2,15,3,50,Lucknow,Uttar Pradesh,Cash on Delivery,WhatsApp,Delivered,22,Other,4.8
ORD100267,23-03-2026,P001,Wireless Headphones,Electronics,2499,1450,4,15,12,75,Kochi,Kerala,Debit Card,WhatsApp,Delivered,29,Female,4.9
ORD100268,04-01-2026,P003,Bluetooth Speaker,Electronics,1799,950,1,5,3,40,Surat,Gujarat,Cash on Delivery,WhatsApp,Delivered,36,Other,4.4
ORD100269,22-01-2026,P014,Coffee Mug,Home & Kitchen,499,180,1,20,12,100,Delhi,Delhi,Credit Card,Amazon,Returned,23,Female,3.2
ORD100270,18-05-2026,P007,Laptop Stand,Accessories,1499,780,3,15,12,40,Vadodara,Gujarat,Debit Card,Flipkart,Delivered,33,Male,3.5
ORD100271,05-06-2026,P014,Coffee Mug,Home & Kitchen,499,180,1,10,5,40,Chennai,Tamil Nadu,UPI,Instagram,Delivered,18,Male,4
ORD100272,30-07-2026,P012,Sunglasses,Fashion,1299,520,1,10,5,60,Lucknow,Uttar Pradesh,Credit Card,Amazon,Returned,25,Male,3.7
ORD100273,09-03-2026,P014,Coffee Mug,Home & Kitchen,499,180,1,20,3,75,Surat,Gujarat,Cash on Delivery,WhatsApp,Returned,41,Male,4
ORD100274,07-03-2026,P019,Pen Set,Stationery,249,80,1,20,3,50,Vadodara,Gujarat,Net Banking,Website,Delivered,20,Male,3.5
ORD100275,08-02-2026,P016,Yoga Mat,Fitness,999,420,1,0,12,75,Kochi,Kerala,Credit Card,Amazon,Delivered,33,Female,4.8
ORD100276,27-05-2026,P011,Hoodie,Fashion,1599,720,1,0,12,40,Surat,Gujarat,Credit Card,Instagram,Delivered,51,Male,4.9
ORD100277,14-03-2026,P003,Bluetooth Speaker,Electronics,1799,950,2,10,3,100,Indore,Madhya Pradesh,Cash on Delivery,Website,Delivered,41,Male,3.6
ORD100278,29-04-2026,P010,Casual T-Shirt,Fashion,799,350,2,20,10,50,Rajkot,Gujarat,Net Banking,Instagram,Delivered,27,Male,4.9
ORD100279,12-06-2026,P001,Wireless Headphones,Electronics,2499,1450,1,0,8,40,Pune,Maharashtra,Cash on Delivery,Amazon,Returned,24,Male,4.1
ORD100280,06-02-2026,P008,Travel Backpack,Bags,2199,1150,1,10,3,40,Ahmedabad,Gujarat,Credit Card,WhatsApp,Returned,44,Other,4.8
ORD100281,29-05-2026,P015,Desk Lamp,Home & Kitchen,1199,560,3,20,5,75,Surat,Gujarat,UPI,WhatsApp,Delivered,54,Male,3.9
ORD100282,06-08-2026,P005,Mechanical Keyboard,Electronics,3299,1900,1,15,8,60,Mumbai,Maharashtra,Cash on Delivery,Amazon,Delivered,32,Male,4.9
ORD100283,28-01-2026,P005,Mechanical Keyboard,Electronics,3299,1900,2,0,5,75,Chennai,Tamil Nadu,Cash on Delivery,Amazon,Delivered,44,Male,4.1
ORD100284,09-03-2026,P007,Laptop Stand,Accessories,1499,780,1,0,5,60,Bengaluru,Karnataka,Net Banking,Website,Delivered,31,Female,3.3
ORD100285,12-05-2026,P008,Travel Backpack,Bags,2199,1150,3,10,8,50,Delhi,Delhi,UPI,Flipkart,Delivered,46,Other,4.5
ORD100286,25-07-2026,P008,Travel Backpack,Bags,2199,1150,1,0,3,40,Surat,Gujarat,Credit Card,Instagram,Delivered,30,Female,3.7
ORD100287,23-08-2026,P003,Bluetooth Speaker,Electronics,1799,950,1,0,3,50,Mumbai,Maharashtra,Cash on Delivery,Instagram,Delivered,23,Female,3.2
ORD100288,27-05-2026,P015,Desk Lamp,Home & Kitchen,1199,560,1,15,10,40,Kochi,Kerala,Cash on Delivery,Flipkart,Delivered,29,Female,3.4
ORD100289,15-08-2026,P006,Wireless Mouse,Electronics,1299,650,1,0,12,100,Bengaluru,Karnataka,Net Banking,Instagram,Delivered,59,Female,4
ORD100290,13-03-2026,P018,Notebook,Stationery,299,95,1,5,10,50,Surat,Gujarat,Net Banking,Instagram,Delivered,58,Other,4.6
ORD100291,03-05-2026,P013,Water Bottle,Home & Kitchen,699,260,2,15,8,100,Pune,Maharashtra,Net Banking,Amazon,Cancelled,42,Female,3.4
ORD100292,18-08-2026,P011,Hoodie,Fashion,1599,720,1,0,10,100,Ahmedabad,Gujarat,Debit Card,WhatsApp,Delivered,32,Male,3.2
ORD100293,22-07-2026,P008,Travel Backpack,Bags,2199,1150,1,0,5,100,Indore,Madhya Pradesh,Cash on Delivery,Amazon,Returned,29,Male,3.5
ORD100294,02-04-2026,P011,Hoodie,Fashion,1599,720,2,0,8,100,Kolkata,West Bengal,Net Banking,Instagram,Cancelled,54,Male,4.7
ORD100295,06-05-2026,P016,Yoga Mat,Fitness,999,420,1,0,3,50,Vadodara,Gujarat,Net Banking,Instagram,Delivered,19,Other,4
ORD100296,26-07-2026,P011,Hoodie,Fashion,1599,720,2,10,5,60,Rajkot,Gujarat,UPI,Website,Delivered,27,Other,4.4
ORD100297,15-05-2026,P005,Mechanical Keyboard,Electronics,3299,1900,2,0,8,75,Indore,Madhya Pradesh,Net Banking,Website,Delivered,39,Female,3.6
ORD100298,22-07-2026,P006,Wireless Mouse,Electronics,1299,650,2,15,8,50,Delhi,Delhi,Net Banking,WhatsApp,Returned,40,Male,4.3
ORD100299,26-06-2026,P006,Wireless Mouse,Electronics,1299,650,1,5,5,40,Kolkata,West Bengal,Net Banking,Flipkart,Delivered,54,Male,3.4
ORD100300,26-02-2026,P011,Hoodie,Fashion,1599,720,3,20,3,75,Chennai,Tamil Nadu,Credit Card,Amazon,Returned,22,Male,3.7
ORD100301,23-01-2026,P011,Hoodie,Fashion,1599,720,1,10,10,40,Kochi,Kerala,Debit Card,Instagram,Returned,33,Other,3.1
ORD100302,01-01-2026,P009,Running Shoes,Footwear,3499,1900,2,15,10,75,Kolkata,West Bengal,Credit Card,Flipkart,Delivered,49,Female,3.7
ORD100303,21-07-2026,P013,Water Bottle,Home & Kitchen,699,260,1,5,5,75,Bengaluru,Karnataka,UPI,Website,Cancelled,36,Male,3.6
ORD100304,16-08-2026,P004,USB-C Fast Charger,Electronics,899,420,1,5,3,100,Vadodara,Gujarat,UPI,Amazon,Delivered,56,Other,4.8
ORD100305,12-02-2026,P001,Wireless Headphones,Electronics,2499,1450,1,15,5,40,Jaipur,Rajasthan,UPI,Amazon,Cancelled,31,Male,3.8
ORD100306,19-05-2026,P018,Notebook,Stationery,299,95,2,10,8,50,Kolkata,West Bengal,UPI,Website,Delivered,43,Other,4.1
ORD100307,01-01-2026,P016,Yoga Mat,Fitness,999,420,1,0,8,100,Pune,Maharashtra,Cash on Delivery,Instagram,Delivered,24,Male,3.4
ORD100308,05-08-2026,P010,Casual T-Shirt,Fashion,799,350,3,10,10,75,Bengaluru,Karnataka,Cash on Delivery,Amazon,Delivered,23,Other,4.1
ORD100309,05-04-2026,P006,Wireless Mouse,Electronics,1299,650,1,15,3,60,Delhi,Delhi,Cash on Delivery,Flipkart,Delivered,34,Male,4.7
ORD100310,28-06-2026,P019,Pen Set,Stationery,249,80,1,0,3,60,Lucknow,Uttar Pradesh,Net Banking,Flipkart,Returned,55,Male,4.1
ORD100311,18-05-2026,P013,Water Bottle,Home & Kitchen,699,260,2,15,12,50,Delhi,Delhi,Cash on Delivery,Amazon,Returned,23,Female,4.8
ORD100312,13-05-2026,P002,Smart Watch,Electronics,3999,2200,1,20,5,40,Kochi,Kerala,Cash on Delivery,Instagram,Cancelled,28,Male,4.6
ORD100313,24-06-2026,P005,Mechanical Keyboard,Electronics,3299,1900,1,5,5,100,Surat,Gujarat,Debit Card,Amazon,Delivered,22,Male,3.8
ORD100314,12-03-2026,P013,Water Bottle,Home & Kitchen,699,260,1,15,3,100,Indore,Madhya Pradesh,Net Banking,WhatsApp,Cancelled,44,Male,3.8
ORD100315,14-07-2026,P005,Mechanical Keyboard,Electronics,3299,1900,1,0,12,40,Chennai,Tamil Nadu,Debit Card,WhatsApp,Delivered,40,Female,3.5
ORD100316,10-01-2026,P016,Yoga Mat,Fitness,999,420,1,10,10,50,Bengaluru,Karnataka,Net Banking,WhatsApp,Delivered,43,Male,3.8
ORD100317,10-07-2026,P011,Hoodie,Fashion,1599,720,1,10,8,40,Ahmedabad,Gujarat,Debit Card,Amazon,Delivered,37,Female,4.7
ORD100318,04-02-2026,P004,USB-C Fast Charger,Electronics,899,420,3,15,8,60,Rajkot,Gujarat,Cash on Delivery,WhatsApp,Delivered,59,Male,3.4
ORD100319,09-07-2026,P007,Laptop Stand,Accessories,1499,780,2,20,8,40,Delhi,Delhi,Net Banking,Instagram,Delivered,22,Female,4.4
ORD100320,15-05-2026,P013,Water Bottle,Home & Kitchen,699,260,1,0,5,50,Indore,Madhya Pradesh,Credit Card,Website,Cancelled,33,Male,3.9
ORD100321,05-04-2026,P012,Sunglasses,Fashion,1299,520,2,20,10,40,Mumbai,Maharashtra,UPI,Instagram,Delivered,41,Female,4.2
ORD100322,31-05-2026,P006,Wireless Mouse,Electronics,1299,650,3,10,8,50,Bengaluru,Karnataka,Debit Card,Website,Cancelled,36,Male,3.8
ORD100323,24-02-2026,P006,Wireless Mouse,Electronics,1299,650,2,5,5,60,Lucknow,Uttar Pradesh,Cash on Delivery,WhatsApp,Delivered,19,Other,3
ORD100324,25-07-2026,P005,Mechanical Keyboard,Electronics,3299,1900,1,5,8,100,Chennai,Tamil Nadu,Debit Card,Amazon,Delivered,45,Female,4.7
ORD100325,19-03-2026,P015,Desk Lamp,Home & Kitchen,1199,560,1,20,12,75,Bengaluru,Karnataka,Net Banking,Website,Returned,18,Other,5
ORD100326,05-06-2026,P012,Sunglasses,Fashion,1299,520,1,10,3,75,Chennai,Tamil Nadu,UPI,Amazon,Delivered,35,Other,3.7
ORD100327,17-08-2026,P009,Running Shoes,Footwear,3499,1900,1,10,5,50,Kolkata,West Bengal,Net Banking,Instagram,Returned,21,Other,3.8
ORD100328,07-01-2026,P011,Hoodie,Fashion,1599,720,1,15,8,60,Kolkata,West Bengal,Cash on Delivery,Flipkart,Returned,42,Other,3.1
ORD100329,05-07-2026,P019,Pen Set,Stationery,249,80,2,5,12,75,Pune,Maharashtra,Debit Card,WhatsApp,Returned,37,Male,4.7
ORD100330,01-05-2026,P018,Notebook,Stationery,299,95,1,10,12,50,Surat,Gujarat,Debit Card,Website,Delivered,32,Female,3.4
ORD100331,26-03-2026,P010,Casual T-Shirt,Fashion,799,350,1,10,12,60,Kochi,Kerala,Cash on Delivery,Website,Delivered,48,Male,4.7
ORD100332,19-01-2026,P019,Pen Set,Stationery,249,80,1,5,12,40,Chennai,Tamil Nadu,Cash on Delivery,WhatsApp,Delivered,37,Female,3.1
ORD100333,29-03-2026,P005,Mechanical Keyboard,Electronics,3299,1900,1,20,10,50,Rajkot,Gujarat,Debit Card,Instagram,Delivered,23,Female,3.7
ORD100334,02-01-2026,P006,Wireless Mouse,Electronics,1299,650,1,10,5,50,Ahmedabad,Gujarat,Net Banking,Instagram,Delivered,49,Male,3.3
ORD100335,20-04-2026,P014,Coffee Mug,Home & Kitchen,499,180,1,15,3,40,Delhi,Delhi,Net Banking,Instagram,Delivered,41,Male,4.8
ORD100336,02-01-2026,P017,Resistance Bands,Fitness,599,230,1,5,5,60,Jaipur,Rajasthan,Debit Card,Instagram,Returned,24,Female,4
ORD100337,12-01-2026,P010,Casual T-Shirt,Fashion,799,350,1,10,10,100,Indore,Madhya Pradesh,Net Banking,WhatsApp,Delivered,39,Female,4.8
ORD100338,06-05-2026,P005,Mechanical Keyboard,Electronics,3299,1900,1,5,5,75,Kochi,Kerala,UPI,Instagram,Delivered,32,Other,5
ORD100339,10-05-2026,P007,Laptop Stand,Accessories,1499,780,2,0,8,40,Chennai,Tamil Nadu,Cash on Delivery,Amazon,Delivered,52,Other,3.1
ORD100340,03-08-2026,P002,Smart Watch,Electronics,3999,2200,1,0,3,75,Jaipur,Rajasthan,Cash on Delivery,Flipkart,Delivered,25,Other,3.5
ORD100341,11-06-2026,P005,Mechanical Keyboard,Electronics,3299,1900,1,10,10,40,Jaipur,Rajasthan,Net Banking,Amazon,Delivered,57,Other,4.4
ORD100342,11-05-2026,P014,Coffee Mug,Home & Kitchen,499,180,2,20,3,60,Surat,Gujarat,UPI,Website,Returned,49,Male,4.2
ORD100343,02-04-2026,P009,Running Shoes,Footwear,3499,1900,2,15,8,50,Rajkot,Gujarat,UPI,WhatsApp,Returned,49,Male,4.4
ORD100344,04-01-2026,P016,Yoga Mat,Fitness,999,420,1,0,3,100,Ahmedabad,Gujarat,Cash on Delivery,Instagram,Returned,23,Other,3.2
ORD100345,01-03-2026,P004,USB-C Fast Charger,Electronics,899,420,2,10,8,75,Jaipur,Rajasthan,UPI,Website,Delivered,29,Male,4.7
ORD100346,20-04-2026,P012,Sunglasses,Fashion,1299,520,2,0,3,40,Pune,Maharashtra,UPI,Instagram,Returned,60,Other,3.3
ORD100347,10-03-2026,P012,Sunglasses,Fashion,1299,520,2,0,8,60,Chennai,Tamil Nadu,Credit Card,Website,Returned,43,Female,4.9
ORD100348,06-08-2026,P009,Running Shoes,Footwear,3499,1900,2,15,5,40,Kolkata,West Bengal,Credit Card,Website,Delivered,28,Male,3.8
ORD100349,23-06-2026,P019,Pen Set,Stationery,249,80,1,5,12,75,Chennai,Tamil Nadu,Debit Card,WhatsApp,Delivered,19,Other,4.8
ORD100350,29-01-2026,P005,Mechanical Keyboard,Electronics,3299,1900,1,15,3,40,Bengaluru,Karnataka,Debit Card,Amazon,Delivered,18,Other,4.7
ORD100351,05-07-2026,P017,Resistance Bands,Fitness,599,230,2,5,8,100,Chennai,Tamil Nadu,Net Banking,WhatsApp,Cancelled,24,Female,4.3
ORD100352,23-06-2026,P008,Travel Backpack,Bags,2199,1150,1,15,5,100,Jaipur,Rajasthan,Net Banking,Website,Returned,18,Other,4.9
ORD100353,07-05-2026,P017,Resistance Bands,Fitness,599,230,2,0,10,60,Indore,Madhya Pradesh,Credit Card,Amazon,Delivered,35,Male,4
ORD100354,29-07-2026,P018,Notebook,Stationery,299,95,1,0,10,75,Delhi,Delhi,Net Banking,Flipkart,Delivered,23,Female,3.9
ORD100355,17-06-2026,P004,USB-C Fast Charger,Electronics,899,420,4,0,10,75,Kolkata,West Bengal,UPI,WhatsApp,Delivered,53,Male,4.7
ORD100356,19-03-2026,P020,Mobile Cover,Accessories,499,150,3,20,5,75,Jaipur,Rajasthan,Debit Card,Amazon,Cancelled,21,Male,4.7
ORD100357,03-06-2026,P011,Hoodie,Fashion,1599,720,1,10,10,40,Chennai,Tamil Nadu,UPI,Instagram,Delivered,18,Female,3.7
ORD100358,29-06-2026,P010,Casual T-Shirt,Fashion,799,350,1,0,5,75,Pune,Maharashtra,Credit Card,Flipkart,Delivered,24,Female,4.2
ORD100359,11-04-2026,P007,Laptop Stand,Accessories,1499,780,1,15,5,60,Indore,Madhya Pradesh,UPI,Flipkart,Delivered,20,Other,4.7
ORD100360,26-04-2026,P019,Pen Set,Stationery,249,80,1,20,12,50,Kochi,Kerala,Cash on Delivery,Website,Delivered,51,Other,3.1
ORD100361,25-08-2026,P014,Coffee Mug,Home & Kitchen,499,180,2,5,12,50,Bengaluru,Karnataka,Credit Card,Website,Cancelled,42,Other,4.2
ORD100362,18-04-2026,P011,Hoodie,Fashion,1599,720,1,5,8,75,Delhi,Delhi,Debit Card,Amazon,Cancelled,46,Male,3.3
ORD100363,12-05-2026,P020,Mobile Cover,Accessories,499,150,2,20,8,100,Kolkata,West Bengal,Credit Card,Instagram,Delivered,31,Other,4.4
ORD100364,01-07-2026,P012,Sunglasses,Fashion,1299,520,3,5,12,100,Vadodara,Gujarat,Debit Card,Website,Returned,40,Other,4
ORD100365,17-04-2026,P019,Pen Set,Stationery,249,80,3,20,8,75,Kolkata,West Bengal,UPI,WhatsApp,Returned,24,Male,3.8
ORD100366,10-03-2026,P002,Smart Watch,Electronics,3999,2200,1,10,8,50,Rajkot,Gujarat,UPI,Amazon,Delivered,31,Other,3.1
ORD100367,22-06-2026,P015,Desk Lamp,Home & Kitchen,1199,560,1,20,5,100,Indore,Madhya Pradesh,Cash on Delivery,Instagram,Returned,50,Other,3.6
ORD100368,17-04-2026,P002,Smart Watch,Electronics,3999,2200,3,10,12,40,Delhi,Delhi,UPI,Amazon,Returned,30,Other,4.7
ORD100369,12-06-2026,P015,Desk Lamp,Home & Kitchen,1199,560,2,10,12,100,Kochi,Kerala,Net Banking,Instagram,Returned,30,Female,3.9
ORD100370,08-07-2026,P003,Bluetooth Speaker,Electronics,1799,950,1,0,10,40,Vadodara,Gujarat,Cash on Delivery,Amazon,Cancelled,53,Female,3.3
ORD100371,26-03-2026,P019,Pen Set,Stationery,249,80,2,5,3,50,Ahmedabad,Gujarat,Debit Card,WhatsApp,Delivered,21,Other,4.2
ORD100372,21-05-2026,P010,Casual T-Shirt,Fashion,799,350,1,0,8,100,Chennai,Tamil Nadu,Credit Card,Instagram,Delivered,51,Male,4.6
ORD100373,14-04-2026,P006,Wireless Mouse,Electronics,1299,650,1,10,5,50,Hyderabad,Telangana,Debit Card,Amazon,Delivered,41,Female,3.4
ORD100374,30-07-2026,P020,Mobile Cover,Accessories,499,150,1,0,3,60,Hyderabad,Telangana,Cash on Delivery,Instagram,Returned,59,Other,4.8
ORD100375,15-08-2026,P008,Travel Backpack,Bags,2199,1150,3,15,3,75,Jaipur,Rajasthan,Debit Card,WhatsApp,Delivered,36,Male,4.8
ORD100376,25-04-2026,P012,Sunglasses,Fashion,1299,520,1,0,8,50,Hyderabad,Telangana,Debit Card,WhatsApp,Delivered,23,Male,3.3
ORD100377,17-01-2026,P018,Notebook,Stationery,299,95,1,5,10,40,Jaipur,Rajasthan,Credit Card,WhatsApp,Delivered,45,Other,4.6
ORD100378,07-01-2026,P003,Bluetooth Speaker,Electronics,1799,950,2,10,3,40,Vadodara,Gujarat,UPI,Website,Delivered,29,Female,4.1
ORD100379,08-03-2026,P019,Pen Set,Stationery,249,80,2,15,10,75,Kochi,Kerala,Cash on Delivery,Amazon,Delivered,19,Female,4.3
ORD100380,08-06-2026,P018,Notebook,Stationery,299,95,1,20,3,40,Kolkata,West Bengal,Debit Card,WhatsApp,Delivered,24,Female,4.6
ORD100381,15-07-2026,P010,Casual T-Shirt,Fashion,799,350,1,15,10,40,Mumbai,Maharashtra,Cash on Delivery,Instagram,Delivered,52,Male,3.3
ORD100382,20-05-2026,P013,Water Bottle,Home & Kitchen,699,260,2,5,8,60,Indore,Madhya Pradesh,UPI,WhatsApp,Delivered,53,Male,3.2
ORD100383,18-05-2026,P001,Wireless Headphones,Electronics,2499,1450,1,0,8,50,Delhi,Delhi,Debit Card,Instagram,Cancelled,44,Other,4.7
ORD100384,07-06-2026,P005,Mechanical Keyboard,Electronics,3299,1900,1,5,3,50,Rajkot,Gujarat,Net Banking,Website,Delivered,53,Female,4.3
ORD100385,06-03-2026,P003,Bluetooth Speaker,Electronics,1799,950,1,5,12,75,Surat,Gujarat,Debit Card,Amazon,Delivered,26,Other,4.3
ORD100386,19-08-2026,P004,USB-C Fast Charger,Electronics,899,420,1,10,10,75,Surat,Gujarat,Debit Card,WhatsApp,Delivered,60,Female,4.4
ORD100387,26-07-2026,P005,Mechanical Keyboard,Electronics,3299,1900,1,15,5,40,Pune,Maharashtra,Debit Card,Instagram,Delivered,32,Other,4.5
ORD100388,04-02-2026,P014,Coffee Mug,Home & Kitchen,499,180,1,10,10,75,Pune,Maharashtra,Cash on Delivery,Amazon,Returned,37,Female,4.1
ORD100389,04-08-2026,P006,Wireless Mouse,Electronics,1299,650,1,5,12,50,Surat,Gujarat,Debit Card,Website,Delivered,22,Male,4.7
ORD100390,14-04-2026,P001,Wireless Headphones,Electronics,2499,1450,2,5,3,100,Chennai,Tamil Nadu,Debit Card,WhatsApp,Cancelled,52,Female,4.3
ORD100391,17-08-2026,P005,Mechanical Keyboard,Electronics,3299,1900,1,10,5,75,Rajkot,Gujarat,Net Banking,WhatsApp,Cancelled,23,Female,3.7
ORD100392,26-07-2026,P001,Wireless Headphones,Electronics,2499,1450,1,5,12,50,Indore,Madhya Pradesh,Cash on Delivery,Instagram,Cancelled,29,Other,4.9
ORD100393,02-04-2026,P005,Mechanical Keyboard,Electronics,3299,1900,2,5,10,50,Bengaluru,Karnataka,UPI,Amazon,Delivered,41,Male,3.1
ORD100394,03-04-2026,P007,Laptop Stand,Accessories,1499,780,1,15,10,40,Lucknow,Uttar Pradesh,UPI,Amazon,Delivered,24,Other,4.9
ORD100395,29-05-2026,P009,Running Shoes,Footwear,3499,1900,2,20,5,75,Mumbai,Maharashtra,Cash on Delivery,Amazon,Cancelled,55,Other,4.8
ORD100396,21-08-2026,P003,Bluetooth Speaker,Electronics,1799,950,1,20,10,60,Delhi,Delhi,Debit Card,Flipkart,Delivered,48,Other,3
ORD100397,20-01-2026,P005,Mechanical Keyboard,Electronics,3299,1900,1,10,5,50,Rajkot,Gujarat,Credit Card,Instagram,Cancelled,41,Other,4.4
ORD100398,27-07-2026,P004,USB-C Fast Charger,Electronics,899,420,1,0,10,75,Delhi,Delhi,Cash on Delivery,Instagram,Delivered,55,Male,4.3
ORD100399,02-02-2026,P014,Coffee Mug,Home & Kitchen,499,180,1,20,5,50,Ahmedabad,Gujarat,Net Banking,Website,Cancelled,54,Male,3.1
ORD100400,14-04-2026,P009,Running Shoes,Footwear,3499,1900,3,20,3,60,Hyderabad,Telangana,UPI,Instagram,Cancelled,46,Other,5
ORD100401,16-04-2026,P016,Yoga Mat,Fitness,999,420,1,5,12,50,Indore,Madhya Pradesh,Net Banking,WhatsApp,Cancelled,34,Male,4.4
ORD100402,01-06-2026,P011,Hoodie,Fashion,1599,720,3,5,10,75,Chennai,Tamil Nadu,Credit Card,Website,Delivered,19,Male,4
ORD100403,08-02-2026,P017,Resistance Bands,Fitness,599,230,1,0,5,75,Indore,Madhya Pradesh,Net Banking,WhatsApp,Cancelled,20,Other,4
ORD100404,03-02-2026,P004,USB-C Fast Charger,Electronics,899,420,1,20,3,75,Jaipur,Rajasthan,Net Banking,Flipkart,Cancelled,41,Male,4.4
ORD100405,04-05-2026,P014,Coffee Mug,Home & Kitchen,499,180,1,10,12,100,Lucknow,Uttar Pradesh,UPI,Flipkart,Delivered,26,Female,4
ORD100406,14-03-2026,P008,Travel Backpack,Bags,2199,1150,2,20,10,60,Surat,Gujarat,Credit Card,Website,Cancelled,18,Other,4
ORD100407,22-02-2026,P017,Resistance Bands,Fitness,599,230,1,10,10,60,Jaipur,Rajasthan,UPI,Instagram,Returned,45,Other,4.2
ORD100408,25-05-2026,P009,Running Shoes,Footwear,3499,1900,2,20,8,75,Delhi,Delhi,Credit Card,Flipkart,Delivered,53,Other,4
ORD100409,06-03-2026,P012,Sunglasses,Fashion,1299,520,1,20,8,75,Bengaluru,Karnataka,Credit Card,Website,Delivered,32,Female,4.6
ORD100410,13-04-2026,P006,Wireless Mouse,Electronics,1299,650,1,20,12,40,Hyderabad,Telangana,Credit Card,Flipkart,Delivered,58,Male,4.6
ORD100411,22-04-2026,P005,Mechanical Keyboard,Electronics,3299,1900,1,0,8,50,Chennai,Tamil Nadu,Debit Card,Website,Delivered,56,Male,4.4
ORD100412,15-03-2026,P013,Water Bottle,Home & Kitchen,699,260,1,20,3,50,Hyderabad,Telangana,Cash on Delivery,Flipkart,Returned,18,Male,4.7
ORD100413,20-07-2026,P017,Resistance Bands,Fitness,599,230,1,20,12,50,Ahmedabad,Gujarat,Net Banking,Instagram,Cancelled,20,Female,3.5
ORD100414,12-03-2026,P001,Wireless Headphones,Electronics,2499,1450,3,10,10,75,Surat,Gujarat,Net Banking,Instagram,Delivered,51,Male,4.5
ORD100415,14-03-2026,P003,Bluetooth Speaker,Electronics,1799,950,2,20,12,60,Hyderabad,Telangana,Debit Card,Amazon,Returned,32,Other,4.9
ORD100416,02-01-2026,P015,Desk Lamp,Home & Kitchen,1199,560,3,5,10,100,Chennai,Tamil Nadu,UPI,WhatsApp,Delivered,22,Other,3.6
ORD100417,13-08-2026,P004,USB-C Fast Charger,Electronics,899,420,2,20,8,75,Mumbai,Maharashtra,Cash on Delivery,WhatsApp,Cancelled,48,Male,4.5
ORD100418,31-05-2026,P015,Desk Lamp,Home & Kitchen,1199,560,1,15,3,60,Kochi,Kerala,UPI,Flipkart,Delivered,58,Male,4.4
ORD100419,01-04-2026,P008,Travel Backpack,Bags,2199,1150,2,20,3,60,Delhi,Delhi,Credit Card,Amazon,Cancelled,23,Female,4.3
ORD100420,15-02-2026,P011,Hoodie,Fashion,1599,720,1,10,8,50,Kochi,Kerala,Net Banking,Amazon,Delivered,29,Other,4.4
ORD100421,02-03-2026,P007,Laptop Stand,Accessories,1499,780,1,5,8,50,Rajkot,Gujarat,Credit Card,Instagram,Returned,33,Other,3.7
ORD100422,23-06-2026,P004,USB-C Fast Charger,Electronics,899,420,1,15,12,40,Surat,Gujarat,Net Banking,Website,Returned,48,Female,4.2
ORD100423,18-08-2026,P016,Yoga Mat,Fitness,999,420,2,10,10,50,Kochi,Kerala,Net Banking,Amazon,Cancelled,43,Male,4.5
ORD100424,19-04-2026,P005,Mechanical Keyboard,Electronics,3299,1900,1,20,3,100,Lucknow,Uttar Pradesh,Debit Card,Flipkart,Delivered,29,Female,5
ORD100425,03-01-2026,P017,Resistance Bands,Fitness,599,230,1,5,10,100,Kolkata,West Bengal,UPI,Amazon,Delivered,41,Other,4.7
ORD100426,10-03-2026,P006,Wireless Mouse,Electronics,1299,650,1,20,8,60,Rajkot,Gujarat,Credit Card,Flipkart,Delivered,45,Male,3.8
ORD100427,13-03-2026,P012,Sunglasses,Fashion,1299,520,1,5,12,50,Delhi,Delhi,Net Banking,Instagram,Delivered,24,Other,3.5
ORD100428,08-04-2026,P008,Travel Backpack,Bags,2199,1150,1,5,5,75,Indore,Madhya Pradesh,UPI,Instagram,Delivered,44,Female,3.3
ORD100429,21-07-2026,P017,Resistance Bands,Fitness,599,230,1,10,8,100,Pune,Maharashtra,Net Banking,Website,Delivered,43,Male,4.4
ORD100430,02-05-2026,P002,Smart Watch,Electronics,3999,2200,1,0,10,60,Mumbai,Maharashtra,Debit Card,Amazon,Returned,41,Other,4.1
ORD100431,01-02-2026,P009,Running Shoes,Footwear,3499,1900,1,20,5,100,Delhi,Delhi,Net Banking,WhatsApp,Delivered,29,Female,3.7
ORD100432,25-04-2026,P017,Resistance Bands,Fitness,599,230,1,15,12,60,Kolkata,West Bengal,Cash on Delivery,Instagram,Delivered,28,Other,4.6
ORD100433,27-05-2026,P011,Hoodie,Fashion,1599,720,1,0,3,50,Chennai,Tamil Nadu,Debit Card,Instagram,Delivered,38,Female,4.3
ORD100434,11-03-2026,P009,Running Shoes,Footwear,3499,1900,1,10,12,100,Delhi,Delhi,Cash on Delivery,Flipkart,Delivered,28,Male,4.7
ORD100435,06-03-2026,P005,Mechanical Keyboard,Electronics,3299,1900,2,0,5,50,Jaipur,Rajasthan,Cash on Delivery,Website,Returned,24,Male,4.9
ORD100436,17-07-2026,P016,Yoga Mat,Fitness,999,420,1,20,3,40,Ahmedabad,Gujarat,Debit Card,WhatsApp,Delivered,27,Male,4.3
ORD100437,08-07-2026,P013,Water Bottle,Home & Kitchen,699,260,1,15,5,50,Rajkot,Gujarat,Net Banking,Instagram,Delivered,19,Male,4.3
ORD100438,11-08-2026,P011,Hoodie,Fashion,1599,720,2,10,12,75,Bengaluru,Karnataka,Credit Card,WhatsApp,Cancelled,29,Other,4.2
ORD100439,13-06-2026,P019,Pen Set,Stationery,249,80,1,10,8,75,Jaipur,Rajasthan,Net Banking,Instagram,Cancelled,23,Female,3.6
ORD100440,03-01-2026,P014,Coffee Mug,Home & Kitchen,499,180,1,20,5,60,Mumbai,Maharashtra,Debit Card,Flipkart,Delivered,52,Male,4.4
ORD100441,18-03-2026,P016,Yoga Mat,Fitness,999,420,3,15,8,100,Bengaluru,Karnataka,Credit Card,Website,Delivered,53,Female,3.4
ORD100442,11-02-2026,P018,Notebook,Stationery,299,95,1,15,10,50,Rajkot,Gujarat,Debit Card,Website,Returned,45,Other,3.5
ORD100443,11-03-2026,P020,Mobile Cover,Accessories,499,150,2,20,8,75,Jaipur,Rajasthan,Credit Card,Website,Delivered,29,Male,3.6
ORD100444,29-06-2026,P015,Desk Lamp,Home & Kitchen,1199,560,1,15,5,60,Mumbai,Maharashtra,UPI,Instagram,Cancelled,21,Other,3
ORD100445,03-07-2026,P004,USB-C Fast Charger,Electronics,899,420,1,0,5,40,Vadodara,Gujarat,Credit Card,Website,Delivered,49,Male,3.7
ORD100446,06-04-2026,P010,Casual T-Shirt,Fashion,799,350,2,0,8,40,Bengaluru,Karnataka,Credit Card,Website,Delivered,35,Female,3.1
ORD100447,04-08-2026,P016,Yoga Mat,Fitness,999,420,1,15,3,40,Kochi,Kerala,Credit Card,Flipkart,Delivered,46,Male,4.5
ORD100448,17-07-2026,P002,Smart Watch,Electronics,3999,2200,1,20,5,75,Kolkata,West Bengal,Cash on Delivery,Amazon,Delivered,38,Male,4.3
ORD100449,14-05-2026,P002,Smart Watch,Electronics,3999,2200,2,10,10,60,Hyderabad,Telangana,Credit Card,Amazon,Delivered,21,Other,3.4
ORD100450,25-03-2026,P004,USB-C Fast Charger,Electronics,899,420,1,5,8,100,Delhi,Delhi,UPI,Flipkart,Delivered,33,Male,4.9
ORD100451,26-06-2026,P019,Pen Set,Stationery,249,80,2,5,8,40,Bengaluru,Karnataka,Credit Card,Instagram,Cancelled,49,Male,4.4
ORD100452,10-06-2026,P011,Hoodie,Fashion,1599,720,3,0,8,50,Lucknow,Uttar Pradesh,Net Banking,Website,Delivered,26,Female,3.5
ORD100453,30-03-2026,P018,Notebook,Stationery,299,95,2,5,3,75,Lucknow,Uttar Pradesh,Debit Card,Instagram,Delivered,34,Male,4
ORD100454,28-06-2026,P015,Desk Lamp,Home & Kitchen,1199,560,1,5,12,50,Hyderabad,Telangana,Net Banking,Amazon,Delivered,38,Other,3.9
ORD100455,11-02-2026,P020,Mobile Cover,Accessories,499,150,2,20,5,75,Hyderabad,Telangana,Debit Card,Amazon,Delivered,52,Female,3.9
ORD100456,15-08-2026,P017,Resistance Bands,Fitness,599,230,1,20,8,100,Vadodara,Gujarat,Credit Card,Amazon,Delivered,22,Other,4.9
ORD100457,08-05-2026,P013,Water Bottle,Home & Kitchen,699,260,1,5,12,60,Jaipur,Rajasthan,Debit Card,Flipkart,Cancelled,59,Female,3.2
ORD100458,02-08-2026,P017,Resistance Bands,Fitness,599,230,1,5,3,50,Ahmedabad,Gujarat,UPI,Flipkart,Delivered,30,Male,3.1
ORD100459,09-06-2026,P013,Water Bottle,Home & Kitchen,699,260,1,20,8,40,Hyderabad,Telangana,Debit Card,Instagram,Returned,56,Other,3.1
ORD100460,16-08-2026,P007,Laptop Stand,Accessories,1499,780,1,15,3,60,Kochi,Kerala,Net Banking,Flipkart,Delivered,41,Other,3.1
ORD100461,07-07-2026,P020,Mobile Cover,Accessories,499,150,1,10,3,50,Ahmedabad,Gujarat,Net Banking,Website,Delivered,24,Other,3.5
ORD100462,18-06-2026,P013,Water Bottle,Home & Kitchen,699,260,1,20,5,100,Hyderabad,Telangana,Net Banking,Flipkart,Delivered,24,Other,4.2
ORD100463,15-08-2026,P015,Desk Lamp,Home & Kitchen,1199,560,2,5,5,100,Delhi,Delhi,Cash on Delivery,WhatsApp,Delivered,39,Other,3.3
ORD100464,20-08-2026,P020,Mobile Cover,Accessories,499,150,1,20,8,60,Pune,Maharashtra,Cash on Delivery,Flipkart,Delivered,38,Other,3.5
ORD100465,21-05-2026,P018,Notebook,Stationery,299,95,1,10,8,75,Lucknow,Uttar Pradesh,Cash on Delivery,Flipkart,Returned,18,Other,3.1
ORD100466,04-02-2026,P010,Casual T-Shirt,Fashion,799,350,1,0,8,50,Hyderabad,Telangana,Credit Card,Amazon,Delivered,19,Other,4.6
ORD100467,26-08-2026,P018,Notebook,Stationery,299,95,1,5,3,40,Chennai,Tamil Nadu,Cash on Delivery,Amazon,Cancelled,27,Male,3.5
ORD100468,27-07-2026,P019,Pen Set,Stationery,249,80,1,0,12,75,Mumbai,Maharashtra,Net Banking,Instagram,Delivered,22,Other,3.6
ORD100469,19-08-2026,P016,Yoga Mat,Fitness,999,420,1,20,3,100,Indore,Madhya Pradesh,Debit Card,Website,Returned,54,Female,3.2
ORD100470,31-03-2026,P002,Smart Watch,Electronics,3999,2200,3,15,3,50,Pune,Maharashtra,Net Banking,Website,Delivered,58,Other,3.8
ORD100471,19-05-2026,P010,Casual T-Shirt,Fashion,799,350,1,5,8,100,Pune,Maharashtra,Credit Card,Instagram,Cancelled,21,Other,4.5
ORD100472,02-06-2026,P013,Water Bottle,Home & Kitchen,699,260,3,20,3,50,Lucknow,Uttar Pradesh,Cash on Delivery,Amazon,Cancelled,43,Male,3.3
ORD100473,13-01-2026,P003,Bluetooth Speaker,Electronics,1799,950,1,15,8,40,Kolkata,West Bengal,Cash on Delivery,WhatsApp,Cancelled,45,Other,3.3
ORD100474,05-05-2026,P005,Mechanical Keyboard,Electronics,3299,1900,1,20,5,100,Rajkot,Gujarat,Net Banking,WhatsApp,Delivered,33,Male,3.1
ORD100475,28-05-2026,P014,Coffee Mug,Home & Kitchen,499,180,1,0,10,75,Kochi,Kerala,Debit Card,Amazon,Delivered,30,Female,3.7
ORD100476,31-03-2026,P001,Wireless Headphones,Electronics,2499,1450,2,15,12,50,Vadodara,Gujarat,Cash on Delivery,Website,Cancelled,32,Male,4.4
ORD100477,22-01-2026,P005,Mechanical Keyboard,Electronics,3299,1900,2,0,5,100,Indore,Madhya Pradesh,Credit Card,Amazon,Delivered,18,Female,4.4
ORD100478,06-01-2026,P004,USB-C Fast Charger,Electronics,899,420,1,5,12,50,Bengaluru,Karnataka,Credit Card,WhatsApp,Delivered,51,Female,4.1
ORD100479,27-06-2026,P020,Mobile Cover,Accessories,499,150,2,0,10,100,Vadodara,Gujarat,Net Banking,Website,Returned,34,Male,3.1
ORD100480,11-03-2026,P007,Laptop Stand,Accessories,1499,780,2,15,3,40,Chennai,Tamil Nadu,Cash on Delivery,Amazon,Delivered,60,Other,3.7
ORD100481,15-08-2026,P004,USB-C Fast Charger,Electronics,899,420,1,15,5,75,Indore,Madhya Pradesh,Net Banking,Website,Returned,38,Female,4.7
ORD100482,09-05-2026,P018,Notebook,Stationery,299,95,1,20,3,40,Rajkot,Gujarat,Credit Card,WhatsApp,Delivered,37,Female,4
ORD100483,01-04-2026,P006,Wireless Mouse,Electronics,1299,650,1,10,5,100,Jaipur,Rajasthan,Debit Card,Website,Delivered,58,Female,4.8
ORD100484,27-02-2026,P001,Wireless Headphones,Electronics,2499,1450,3,10,10,50,Mumbai,Maharashtra,UPI,Flipkart,Delivered,51,Other,4.2
ORD100485,09-02-2026,P008,Travel Backpack,Bags,2199,1150,1,10,12,60,Chennai,Tamil Nadu,Cash on Delivery,WhatsApp,Delivered,26,Male,4.3
ORD100486,21-02-2026,P019,Pen Set,Stationery,249,80,1,10,12,50,Lucknow,Uttar Pradesh,Cash on Delivery,Instagram,Delivered,59,Other,4.8
ORD100487,04-07-2026,P011,Hoodie,Fashion,1599,720,1,5,8,50,Hyderabad,Telangana,UPI,Amazon,Delivered,44,Female,3.6
ORD100488,28-01-2026,P009,Running Shoes,Footwear,3499,1900,1,5,3,100,Rajkot,Gujarat,Net Banking,Amazon,Delivered,56,Other,4.2
ORD100489,07-01-2026,P020,Mobile Cover,Accessories,499,150,1,0,10,50,Jaipur,Rajasthan,Net Banking,WhatsApp,Delivered,48,Other,4.3
ORD100490,02-05-2026,P006,Wireless Mouse,Electronics,1299,650,2,5,5,50,Bengaluru,Karnataka,UPI,Flipkart,Delivered,18,Female,4.9
ORD100491,13-07-2026,P008,Travel Backpack,Bags,2199,1150,2,0,5,75,Rajkot,Gujarat,Net Banking,Flipkart,Delivered,38,Female,4.8
ORD100492,05-06-2026,P014,Coffee Mug,Home & Kitchen,499,180,1,15,8,75,Ahmedabad,Gujarat,Net Banking,WhatsApp,Returned,56,Other,4.1
ORD100493,27-04-2026,P002,Smart Watch,Electronics,3999,2200,1,5,12,100,Bengaluru,Karnataka,Cash on Delivery,Website,Delivered,53,Female,4
ORD100494,12-04-2026,P002,Smart Watch,Electronics,3999,2200,1,10,10,50,Bengaluru,Karnataka,Cash on Delivery,Amazon,Delivered,57,Male,4.4
ORD100495,26-04-2026,P005,Mechanical Keyboard,Electronics,3299,1900,1,20,3,50,Jaipur,Rajasthan,Net Banking,WhatsApp,Delivered,26,Female,3.8
ORD100496,01-06-2026,P015,Desk Lamp,Home & Kitchen,1199,560,1,5,10,40,Bengaluru,Karnataka,Debit Card,Amazon,Returned,59,Other,4.6
ORD100497,26-04-2026,P004,USB-C Fast Charger,Electronics,899,420,1,10,3,100,Kolkata,West Bengal,Cash on Delivery,WhatsApp,Returned,57,Male,3.8
ORD100498,22-08-2026,P013,Water Bottle,Home & Kitchen,699,260,1,20,5,50,Vadodara,Gujarat,Credit Card,Instagram,Delivered,21,Female,3.6
ORD100499,31-01-2026,P015,Desk Lamp,Home & Kitchen,1199,560,1,5,3,100,Vadodara,Gujarat,Debit Card,Website,Delivered,47,Female,4.7
ORD100500,14-08-2026,P018,Notebook,Stationery,299,95,2,5,5,100,Chennai,Tamil Nadu,Cash on Delivery,Flipkart,Delivered,44,Female,3.2
ORD100501,21-05-2026,P020,Mobile Cover,Accessories,499,150,1,20,12,50,Kochi,Kerala,UPI,Instagram,Delivered,27,Male,4.3
ORD100502,20-06-2026,P002,Smart Watch,Electronics,3999,2200,1,20,8,60,Ahmedabad,Gujarat,UPI,Website,Cancelled,24,Female,5
ORD100503,19-06-2026,P006,Wireless Mouse,Electronics,1299,650,1,20,12,100,Chennai,Tamil Nadu,Credit Card,Flipkart,Returned,55,Female,4.9
ORD100504,05-04-2026,P003,Bluetooth Speaker,Electronics,1799,950,2,0,10,100,Pune,Maharashtra,UPI,Amazon,Delivered,48,Male,3.2
ORD100505,15-05-2026,P009,Running Shoes,Footwear,3499,1900,1,5,12,40,Delhi,Delhi,UPI,WhatsApp,Delivered,58,Other,5
ORD100506,21-07-2026,P016,Yoga Mat,Fitness,999,420,2,10,10,100,Chennai,Tamil Nadu,Debit Card,Amazon,Returned,51,Other,5
ORD100507,25-05-2026,P012,Sunglasses,Fashion,1299,520,3,20,10,75,Chennai,Tamil Nadu,Credit Card,WhatsApp,Delivered,32,Other,3.6
ORD100508,30-04-2026,P007,Laptop Stand,Accessories,1499,780,1,0,5,100,Ahmedabad,Gujarat,Cash on Delivery,Flipkart,Returned,20,Female,3.7
ORD100509,26-06-2026,P007,Laptop Stand,Accessories,1499,780,1,10,3,60,Rajkot,Gujarat,Debit Card,WhatsApp,Delivered,53,Female,4.5
ORD100510,12-04-2026,P004,USB-C Fast Charger,Electronics,899,420,1,20,12,40,Pune,Maharashtra,Credit Card,Instagram,Returned,39,Female,4.8
ORD100511,10-01-2026,P016,Yoga Mat,Fitness,999,420,2,5,10,50,Lucknow,Uttar Pradesh,Cash on Delivery,WhatsApp,Returned,39,Female,4.6
ORD100512,02-08-2026,P014,Coffee Mug,Home & Kitchen,499,180,3,10,12,60,Ahmedabad,Gujarat,Net Banking,WhatsApp,Cancelled,19,Male,4.2
ORD100513,23-07-2026,P011,Hoodie,Fashion,1599,720,2,0,5,60,Kochi,Kerala,UPI,Amazon,Delivered,42,Other,4.1
ORD100514,17-02-2026,P006,Wireless Mouse,Electronics,1299,650,1,0,8,60,Delhi,Delhi,UPI,Amazon,Cancelled,44,Male,4
ORD100515,19-03-2026,P008,Travel Backpack,Bags,2199,1150,1,20,8,50,Indore,Madhya Pradesh,UPI,Amazon,Delivered,20,Male,4.8
ORD100516,04-05-2026,P015,Desk Lamp,Home & Kitchen,1199,560,1,5,5,60,Lucknow,Uttar Pradesh,Cash on Delivery,WhatsApp,Cancelled,37,Female,3.3
ORD100517,23-06-2026,P004,USB-C Fast Charger,Electronics,899,420,2,5,3,75,Hyderabad,Telangana,Cash on Delivery,WhatsApp,Delivered,25,Male,3.6
ORD100518,12-08-2026,P002,Smart Watch,Electronics,3999,2200,1,10,10,40,Chennai,Tamil Nadu,UPI,WhatsApp,Delivered,60,Other,3.6
ORD100519,17-08-2026,P019,Pen Set,Stationery,249,80,2,10,5,50,Jaipur,Rajasthan,Debit Card,Amazon,Delivered,52,Female,4.5
ORD100520,12-03-2026,P004,USB-C Fast Charger,Electronics,899,420,1,0,12,100,Vadodara,Gujarat,Net Banking,Website,Delivered,31,Other,3.7
ORD100521,25-07-2026,P011,Hoodie,Fashion,1599,720,1,20,5,50,Kolkata,West Bengal,UPI,Amazon,Delivered,57,Female,4.1
ORD100522,20-08-2026,P002,Smart Watch,Electronics,3999,2200,1,0,3,75,Bengaluru,Karnataka,UPI,Website,Returned,45,Female,3.4
ORD100523,03-08-2026,P020,Mobile Cover,Accessories,499,150,2,15,12,60,Jaipur,Rajasthan,Debit Card,Amazon,Returned,30,Other,4.5
ORD100524,13-07-2026,P018,Notebook,Stationery,299,95,1,20,5,40,Kochi,Kerala,Cash on Delivery,Website,Delivered,47,Female,4.4
ORD100525,06-02-2026,P015,Desk Lamp,Home & Kitchen,1199,560,1,10,8,75,Rajkot,Gujarat,Credit Card,Amazon,Cancelled,38,Female,4
ORD100526,03-05-2026,P003,Bluetooth Speaker,Electronics,1799,950,1,5,8,60,Pune,Maharashtra,Net Banking,WhatsApp,Delivered,26,Other,3.2
ORD100527,19-01-2026,P004,USB-C Fast Charger,Electronics,899,420,1,20,10,75,Jaipur,Rajasthan,Net Banking,Flipkart,Delivered,33,Other,3.5
ORD100528,17-01-2026,P006,Wireless Mouse,Electronics,1299,650,3,5,12,75,Delhi,Delhi,Cash on Delivery,WhatsApp,Delivered,39,Other,4.4
ORD100529,09-07-2026,P006,Wireless Mouse,Electronics,1299,650,1,20,10,40,Surat,Gujarat,Net Banking,WhatsApp,Returned,47,Female,4.1
ORD100530,18-01-2026,P015,Desk Lamp,Home & Kitchen,1199,560,1,0,12,75,Delhi,Delhi,Debit Card,Flipkart,Cancelled,59,Other,3.1
ORD100531,29-05-2026,P007,Laptop Stand,Accessories,1499,780,2,0,5,50,Kochi,Kerala,Cash on Delivery,WhatsApp,Returned,36,Female,4.2
ORD100532,13-08-2026,P015,Desk Lamp,Home & Kitchen,1199,560,1,10,12,60,Jaipur,Rajasthan,Cash on Delivery,Amazon,Delivered,23,Other,3
ORD100533,07-08-2026,P017,Resistance Bands,Fitness,599,230,1,0,8,100,Vadodara,Gujarat,UPI,Website,Delivered,53,Female,3.2
ORD100534,21-04-2026,P010,Casual T-Shirt,Fashion,799,350,2,20,10,60,Rajkot,Gujarat,Cash on Delivery,Flipkart,Returned,42,Female,4.1
ORD100535,23-05-2026,P006,Wireless Mouse,Electronics,1299,650,1,10,10,50,Rajkot,Gujarat,Debit Card,Instagram,Delivered,26,Male,3.1
ORD100536,05-05-2026,P001,Wireless Headphones,Electronics,2499,1450,1,15,5,40,Kochi,Kerala,Credit Card,Flipkart,Returned,47,Other,4.2
ORD100537,11-05-2026,P014,Coffee Mug,Home & Kitchen,499,180,1,20,10,75,Bengaluru,Karnataka,Debit Card,Instagram,Delivered,29,Female,4.2
ORD100538,02-03-2026,P019,Pen Set,Stationery,249,80,1,20,8,75,Kolkata,West Bengal,Net Banking,WhatsApp,Returned,41,Male,5
ORD100539,29-01-2026,P019,Pen Set,Stationery,249,80,1,15,3,50,Pune,Maharashtra,Net Banking,Amazon,Cancelled,47,Other,3.2
ORD100540,11-06-2026,P020,Mobile Cover,Accessories,499,150,1,0,12,100,Bengaluru,Karnataka,Debit Card,WhatsApp,Returned,21,Female,4.1
ORD100541,20-08-2026,P001,Wireless Headphones,Electronics,2499,1450,1,20,8,75,Hyderabad,Telangana,Debit Card,Amazon,Delivered,36,Male,3.1
ORD100542,20-07-2026,P020,Mobile Cover,Accessories,499,150,2,10,3,75,Kolkata,West Bengal,Net Banking,Instagram,Cancelled,54,Male,4.3
ORD100543,07-01-2026,P010,Casual T-Shirt,Fashion,799,350,2,15,3,50,Chennai,Tamil Nadu,Net Banking,Website,Delivered,35,Female,3.3
ORD100544,04-01-2026,P009,Running Shoes,Footwear,3499,1900,1,0,12,50,Mumbai,Maharashtra,Net Banking,Instagram,Returned,60,Female,3.7
ORD100545,02-03-2026,P006,Wireless Mouse,Electronics,1299,650,1,5,12,40,Kolkata,West Bengal,Debit Card,Website,Delivered,27,Other,4.9
ORD100546,16-04-2026,P005,Mechanical Keyboard,Electronics,3299,1900,2,5,10,50,Lucknow,Uttar Pradesh,Credit Card,WhatsApp,Delivered,40,Male,4.3
ORD100547,13-04-2026,P004,USB-C Fast Charger,Electronics,899,420,1,10,10,100,Bengaluru,Karnataka,Credit Card,Flipkart,Delivered,42,Female,3.5
ORD100548,15-03-2026,P017,Resistance Bands,Fitness,599,230,2,15,8,100,Ahmedabad,Gujarat,UPI,Website,Delivered,52,Other,3.7
ORD100549,08-08-2026,P014,Coffee Mug,Home & Kitchen,499,180,1,10,8,60,Jaipur,Rajasthan,UPI,Amazon,Delivered,59,Other,3.8
ORD100550,17-07-2026,P008,Travel Backpack,Bags,2199,1150,2,20,8,50,Chennai,Tamil Nadu,Debit Card,WhatsApp,Delivered,18,Other,3
ORD100551,15-05-2026,P003,Bluetooth Speaker,Electronics,1799,950,1,15,8,50,Surat,Gujarat,Debit Card,Amazon,Delivered,30,Male,3
ORD100552,18-06-2026,P003,Bluetooth Speaker,Electronics,1799,950,1,20,3,40,Chennai,Tamil Nadu,UPI,WhatsApp,Delivered,26,Female,4.3
ORD100553,18-08-2026,P019,Pen Set,Stationery,249,80,2,5,8,60,Vadodara,Gujarat,Cash on Delivery,Website,Delivered,58,Female,4.8
ORD100554,20-08-2026,P009,Running Shoes,Footwear,3499,1900,2,10,8,50,Kolkata,West Bengal,UPI,Amazon,Returned,21,Female,3.8
ORD100555,09-03-2026,P002,Smart Watch,Electronics,3999,2200,1,15,3,75,Indore,Madhya Pradesh,Credit Card,WhatsApp,Delivered,43,Male,4.3
ORD100556,21-04-2026,P004,USB-C Fast Charger,Electronics,899,420,1,20,3,75,Lucknow,Uttar Pradesh,Debit Card,Website,Delivered,20,Male,3.1
ORD100557,18-08-2026,P009,Running Shoes,Footwear,3499,1900,2,5,3,40,Ahmedabad,Gujarat,Cash on Delivery,Amazon,Delivered,27,Other,3.7
ORD100558,01-07-2026,P013,Water Bottle,Home & Kitchen,699,260,1,15,10,75,Hyderabad,Telangana,UPI,WhatsApp,Delivered,32,Male,3.8
ORD100559,02-04-2026,P016,Yoga Mat,Fitness,999,420,1,10,10,40,Hyderabad,Telangana,UPI,Amazon,Delivered,52,Female,3.2
ORD100560,15-06-2026,P015,Desk Lamp,Home & Kitchen,1199,560,2,5,12,40,Mumbai,Maharashtra,Cash on Delivery,Instagram,Delivered,37,Other,3.8
ORD100561,05-05-2026,P004,USB-C Fast Charger,Electronics,899,420,1,15,5,50,Pune,Maharashtra,UPI,Instagram,Delivered,19,Other,5
ORD100562,22-07-2026,P008,Travel Backpack,Bags,2199,1150,1,10,10,100,Surat,Gujarat,Cash on Delivery,Website,Cancelled,20,Female,3.1
ORD100563,26-07-2026,P002,Smart Watch,Electronics,3999,2200,1,20,10,100,Rajkot,Gujarat,Credit Card,WhatsApp,Returned,32,Male,3.1
ORD100564,01-05-2026,P005,Mechanical Keyboard,Electronics,3299,1900,1,0,5,50,Ahmedabad,Gujarat,UPI,Instagram,Cancelled,58,Male,4.8
ORD100565,02-08-2026,P004,USB-C Fast Charger,Electronics,899,420,1,0,3,40,Vadodara,Gujarat,Cash on Delivery,WhatsApp,Cancelled,57,Male,3.1
ORD100566,02-08-2026,P007,Laptop Stand,Accessories,1499,780,1,15,8,40,Lucknow,Uttar Pradesh,Net Banking,WhatsApp,Returned,26,Female,4.7
ORD100567,14-02-2026,P007,Laptop Stand,Accessories,1499,780,2,0,3,60,Chennai,Tamil Nadu,Credit Card,Flipkart,Delivered,28,Other,3.7
ORD100568,29-05-2026,P006,Wireless Mouse,Electronics,1299,650,1,5,3,100,Kochi,Kerala,Cash on Delivery,Instagram,Delivered,19,Female,3.2
ORD100569,30-06-2026,P001,Wireless Headphones,Electronics,2499,1450,1,20,8,75,Surat,Gujarat,Cash on Delivery,Instagram,Returned,31,Male,4.3
ORD100570,14-02-2026,P017,Resistance Bands,Fitness,599,230,1,0,12,50,Rajkot,Gujarat,Cash on Delivery,WhatsApp,Cancelled,23,Other,4.7
ORD100571,23-05-2026,P010,Casual T-Shirt,Fashion,799,350,1,5,3,100,Ahmedabad,Gujarat,UPI,WhatsApp,Delivered,41,Other,4
ORD100572,23-02-2026,P015,Desk Lamp,Home & Kitchen,1199,560,2,0,5,40,Jaipur,Rajasthan,Credit Card,Flipkart,Delivered,49,Male,3.3
ORD100573,14-03-2026,P002,Smart Watch,Electronics,3999,2200,1,15,8,60,Pune,Maharashtra,Net Banking,Flipkart,Delivered,20,Male,4.5
ORD100574,08-01-2026,P018,Notebook,Stationery,299,95,1,20,3,40,Lucknow,Uttar Pradesh,Credit Card,Flipkart,Delivered,55,Other,3.7
ORD100575,25-03-2026,P007,Laptop Stand,Accessories,1499,780,2,0,8,50,Kochi,Kerala,UPI,Instagram,Delivered,44,Male,3.8
ORD100576,05-05-2026,P008,Travel Backpack,Bags,2199,1150,1,15,5,50,Chennai,Tamil Nadu,Net Banking,Flipkart,Delivered,29,Female,3.7
ORD100577,02-04-2026,P015,Desk Lamp,Home & Kitchen,1199,560,2,5,8,50,Jaipur,Rajasthan,UPI,WhatsApp,Delivered,21,Female,3.3
ORD100578,14-07-2026,P015,Desk Lamp,Home & Kitchen,1199,560,1,5,8,100,Vadodara,Gujarat,Credit Card,WhatsApp,Delivered,28,Other,4.9
ORD100579,14-05-2026,P008,Travel Backpack,Bags,2199,1150,1,5,12,75,Indore,Madhya Pradesh,Cash on Delivery,Amazon,Delivered,18,Other,3.9
ORD100580,29-05-2026,P008,Travel Backpack,Bags,2199,1150,1,20,5,100,Delhi,Delhi,UPI,Flipkart,Delivered,20,Male,5
ORD100581,11-04-2026,P017,Resistance Bands,Fitness,599,230,1,0,10,75,Hyderabad,Telangana,Credit Card,Website,Delivered,53,Male,4.4
ORD100582,02-04-2026,P014,Coffee Mug,Home & Kitchen,499,180,3,5,3,40,Vadodara,Gujarat,Cash on Delivery,Amazon,Delivered,28,Other,3.9
ORD100583,27-04-2026,P019,Pen Set,Stationery,249,80,2,5,10,50,Ahmedabad,Gujarat,Debit Card,Flipkart,Delivered,58,Male,4.7
ORD100584,27-03-2026,P003,Bluetooth Speaker,Electronics,1799,950,1,0,8,75,Kolkata,West Bengal,Debit Card,WhatsApp,Cancelled,52,Other,4.6
ORD100585,08-07-2026,P003,Bluetooth Speaker,Electronics,1799,950,1,20,8,40,Pune,Maharashtra,UPI,Flipkart,Delivered,41,Female,4.2
ORD100586,24-05-2026,P012,Sunglasses,Fashion,1299,520,1,0,12,50,Jaipur,Rajasthan,Credit Card,Amazon,Returned,33,Other,3.2
ORD100587,29-05-2026,P016,Yoga Mat,Fitness,999,420,2,5,5,60,Lucknow,Uttar Pradesh,Debit Card,Amazon,Returned,50,Other,3.8
ORD100588,26-04-2026,P002,Smart Watch,Electronics,3999,2200,1,20,12,40,Pune,Maharashtra,Cash on Delivery,WhatsApp,Delivered,52,Female,3.9
ORD100589,27-07-2026,P012,Sunglasses,Fashion,1299,520,2,5,10,40,Kolkata,West Bengal,UPI,Flipkart,Delivered,29,Female,4.9
ORD100590,29-01-2026,P003,Bluetooth Speaker,Electronics,1799,950,1,5,10,50,Mumbai,Maharashtra,Credit Card,WhatsApp,Returned,58,Male,3.6
ORD100591,30-03-2026,P018,Notebook,Stationery,299,95,3,15,3,60,Bengaluru,Karnataka,Credit Card,Website,Delivered,19,Male,4.7
ORD100592,29-05-2026,P017,Resistance Bands,Fitness,599,230,1,10,10,100,Delhi,Delhi,Net Banking,WhatsApp,Delivered,46,Female,3.6
ORD100593,13-02-2026,P005,Mechanical Keyboard,Electronics,3299,1900,2,5,10,60,Mumbai,Maharashtra,Debit Card,Website,Delivered,27,Female,3.6
ORD100594,02-07-2026,P006,Wireless Mouse,Electronics,1299,650,1,10,5,50,Vadodara,Gujarat,Credit Card,Instagram,Cancelled,33,Male,3.1
ORD100595,08-03-2026,P011,Hoodie,Fashion,1599,720,1,5,5,100,Bengaluru,Karnataka,UPI,Amazon,Delivered,40,Male,3.7
ORD100596,19-03-2026,P018,Notebook,Stationery,299,95,3,0,10,75,Hyderabad,Telangana,Credit Card,Flipkart,Delivered,38,Male,3
ORD100597,15-06-2026,P018,Notebook,Stationery,299,95,3,10,10,60,Pune,Maharashtra,Net Banking,Instagram,Returned,54,Other,4.8
ORD100598,07-07-2026,P015,Desk Lamp,Home & Kitchen,1199,560,1,0,5,100,Surat,Gujarat,UPI,Amazon,Delivered,19,Female,4.2
ORD100599,25-03-2026,P008,Travel Backpack,Bags,2199,1150,1,20,5,100,Surat,Gujarat,Net Banking,Instagram,Delivered,35,Male,3
ORD100600,21-06-2026,P018,Notebook,Stationery,299,95,2,20,10,50,Jaipur,Rajasthan,Cash on Delivery,Amazon,Delivered,56,Other,4
ORD100601,12-04-2026,P002,Smart Watch,Electronics,3999,2200,2,15,8,75,Pune,Maharashtra,Debit Card,Website,Delivered,36,Female,3.7
ORD100602,25-02-2026,P015,Desk Lamp,Home & Kitchen,1199,560,2,15,10,75,Surat,Gujarat,Debit Card,Instagram,Returned,45,Other,4.8
ORD100603,23-01-2026,P005,Mechanical Keyboard,Electronics,3299,1900,2,5,8,75,Chennai,Tamil Nadu,Net Banking,Amazon,Delivered,22,Other,4.5
ORD100604,23-08-2026,P003,Bluetooth Speaker,Electronics,1799,950,1,15,5,100,Jaipur,Rajasthan,Cash on Delivery,WhatsApp,Delivered,26,Male,3.4
ORD100605,11-01-2026,P013,Water Bottle,Home & Kitchen,699,260,1,20,8,75,Bengaluru,Karnataka,Net Banking,Flipkart,Delivered,32,Male,4.6
ORD100606,02-08-2026,P005,Mechanical Keyboard,Electronics,3299,1900,1,15,3,60,Jaipur,Rajasthan,Cash on Delivery,Instagram,Returned,49,Other,4.3
ORD100607,07-05-2026,P001,Wireless Headphones,Electronics,2499,1450,1,20,8,100,Mumbai,Maharashtra,Cash on Delivery,WhatsApp,Delivered,45,Female,4.3
ORD100608,31-01-2026,P016,Yoga Mat,Fitness,999,420,3,20,12,40,Indore,Madhya Pradesh,Debit Card,Instagram,Delivered,55,Male,3.3
ORD100609,02-04-2026,P015,Desk Lamp,Home & Kitchen,1199,560,2,0,8,60,Vadodara,Gujarat,Cash on Delivery,Amazon,Delivered,21,Female,3.6
ORD100610,10-06-2026,P003,Bluetooth Speaker,Electronics,1799,950,1,0,12,50,Lucknow,Uttar Pradesh,Net Banking,Amazon,Delivered,38,Other,4.6
ORD100611,03-04-2026,P009,Running Shoes,Footwear,3499,1900,1,20,12,60,Kolkata,West Bengal,Credit Card,Website,Delivered,26,Other,3.6
ORD100612,22-08-2026,P016,Yoga Mat,Fitness,999,420,1,0,5,50,Kochi,Kerala,Net Banking,Instagram,Delivered,30,Other,4.2
ORD100613,22-05-2026,P017,Resistance Bands,Fitness,599,230,2,0,10,75,Kolkata,West Bengal,UPI,Website,Returned,26,Male,4
ORD100614,29-07-2026,P010,Casual T-Shirt,Fashion,799,350,1,20,12,60,Vadodara,Gujarat,Credit Card,Amazon,Delivered,19,Other,4.6
ORD100615,06-02-2026,P008,Travel Backpack,Bags,2199,1150,1,5,8,50,Kolkata,West Bengal,Credit Card,Instagram,Returned,23,Female,4.4
ORD100616,04-05-2026,P004,USB-C Fast Charger,Electronics,899,420,1,0,5,40,Lucknow,Uttar Pradesh,UPI,WhatsApp,Delivered,55,Male,3.9
ORD100617,20-06-2026,P009,Running Shoes,Footwear,3499,1900,1,0,3,100,Mumbai,Maharashtra,Credit Card,WhatsApp,Delivered,30,Male,4.3
ORD100618,11-07-2026,P001,Wireless Headphones,Electronics,2499,1450,1,20,8,60,Indore,Madhya Pradesh,Credit Card,WhatsApp,Delivered,57,Male,4
ORD100619,15-07-2026,P003,Bluetooth Speaker,Electronics,1799,950,1,20,5,50,Chennai,Tamil Nadu,Debit Card,Instagram,Delivered,52,Male,4.9
ORD100620,10-05-2026,P004,USB-C Fast Charger,Electronics,899,420,3,15,8,100,Kochi,Kerala,Credit Card,Flipkart,Returned,24,Male,4.7
ORD100621,28-02-2026,P013,Water Bottle,Home & Kitchen,699,260,1,0,8,40,Hyderabad,Telangana,Cash on Delivery,Website,Delivered,51,Male,4
ORD100622,04-07-2026,P012,Sunglasses,Fashion,1299,520,2,0,8,75,Hyderabad,Telangana,UPI,Flipkart,Delivered,36,Female,4.2
ORD100623,24-04-2026,P010,Casual T-Shirt,Fashion,799,350,1,20,10,60,Indore,Madhya Pradesh,Cash on Delivery,Instagram,Delivered,22,Female,4.9
ORD100624,06-05-2026,P012,Sunglasses,Fashion,1299,520,1,0,10,75,Jaipur,Rajasthan,Net Banking,Website,Returned,25,Male,3.8
ORD100625,25-08-2026,P019,Pen Set,Stationery,249,80,3,0,8,50,Kolkata,West Bengal,Debit Card,Instagram,Delivered,56,Female,3.2
ORD100626,15-07-2026,P014,Coffee Mug,Home & Kitchen,499,180,2,20,12,60,Mumbai,Maharashtra,Cash on Delivery,Amazon,Returned,48,Other,4.2
ORD100627,13-03-2026,P013,Water Bottle,Home & Kitchen,699,260,4,15,3,40,Hyderabad,Telangana,Debit Card,Flipkart,Delivered,49,Male,4.3
ORD100628,14-01-2026,P005,Mechanical Keyboard,Electronics,3299,1900,1,15,3,50,Kolkata,West Bengal,Cash on Delivery,WhatsApp,Delivered,38,Male,3.6
ORD100629,19-06-2026,P020,Mobile Cover,Accessories,499,150,1,15,10,50,Surat,Gujarat,Debit Card,Flipkart,Cancelled,49,Other,3.5
ORD100630,20-05-2026,P011,Hoodie,Fashion,1599,720,2,0,10,40,Hyderabad,Telangana,Cash on Delivery,Flipkart,Delivered,38,Female,3.9
ORD100631,18-06-2026,P002,Smart Watch,Electronics,3999,2200,1,5,10,75,Hyderabad,Telangana,Credit Card,Amazon,Delivered,42,Female,4.5
ORD100632,22-05-2026,P019,Pen Set,Stationery,249,80,1,20,12,75,Jaipur,Rajasthan,Cash on Delivery,WhatsApp,Returned,28,Other,3.1
ORD100633,07-06-2026,P009,Running Shoes,Footwear,3499,1900,1,10,8,60,Delhi,Delhi,UPI,Website,Returned,55,Male,3.3
ORD100634,30-05-2026,P012,Sunglasses,Fashion,1299,520,1,10,10,40,Kolkata,West Bengal,Cash on Delivery,Amazon,Delivered,40,Female,3.7
ORD100635,21-03-2026,P008,Travel Backpack,Bags,2199,1150,1,0,3,60,Jaipur,Rajasthan,UPI,Amazon,Cancelled,28,Male,4.1
ORD100636,19-04-2026,P002,Smart Watch,Electronics,3999,2200,1,20,10,60,Indore,Madhya Pradesh,UPI,Flipkart,Cancelled,55,Male,5
ORD100637,27-05-2026,P013,Water Bottle,Home & Kitchen,699,260,1,15,3,50,Pune,Maharashtra,Debit Card,Flipkart,Delivered,50,Other,3.7
ORD100638,21-02-2026,P020,Mobile Cover,Accessories,499,150,1,0,12,50,Delhi,Delhi,Debit Card,Amazon,Delivered,21,Female,5
ORD100639,10-07-2026,P013,Water Bottle,Home & Kitchen,699,260,2,20,3,100,Chennai,Tamil Nadu,Debit Card,Amazon,Delivered,22,Other,4.6
ORD100640,23-07-2026,P016,Yoga Mat,Fitness,999,420,1,10,12,60,Pune,Maharashtra,Cash on Delivery,WhatsApp,Delivered,38,Male,3.8
ORD100641,21-06-2026,P009,Running Shoes,Footwear,3499,1900,1,5,3,100,Bengaluru,Karnataka,Credit Card,WhatsApp,Cancelled,49,Male,4.3
ORD100642,17-05-2026,P015,Desk Lamp,Home & Kitchen,1199,560,1,15,12,40,Jaipur,Rajasthan,Net Banking,Instagram,Cancelled,41,Female,3.3
ORD100643,18-03-2026,P005,Mechanical Keyboard,Electronics,3299,1900,2,15,8,40,Lucknow,Uttar Pradesh,Credit Card,Flipkart,Delivered,35,Female,4.3
ORD100644,14-04-2026,P009,Running Shoes,Footwear,3499,1900,1,0,5,50,Rajkot,Gujarat,UPI,Instagram,Delivered,37,Female,4
ORD100645,10-01-2026,P014,Coffee Mug,Home & Kitchen,499,180,1,5,8,50,Kochi,Kerala,UPI,Amazon,Delivered,35,Other,4.1
ORD100646,20-07-2026,P002,Smart Watch,Electronics,3999,2200,3,0,3,60,Bengaluru,Karnataka,Net Banking,Amazon,Delivered,22,Female,4.8
ORD100647,05-07-2026,P003,Bluetooth Speaker,Electronics,1799,950,1,5,3,100,Indore,Madhya Pradesh,Net Banking,Website,Delivered,51,Other,4.7
ORD100648,24-01-2026,P017,Resistance Bands,Fitness,599,230,1,20,3,60,Kochi,Kerala,Debit Card,WhatsApp,Delivered,42,Other,4.5
ORD100649,14-02-2026,P014,Coffee Mug,Home & Kitchen,499,180,1,10,10,75,Surat,Gujarat,Debit Card,WhatsApp,Delivered,21,Female,4.1
ORD100650,02-05-2026,P004,USB-C Fast Charger,Electronics,899,420,1,5,8,50,Delhi,Delhi,Debit Card,Flipkart,Returned,41,Female,3
ORD100651,19-06-2026,P020,Mobile Cover,Accessories,499,150,1,5,8,100,Kolkata,West Bengal,Cash on Delivery,Amazon,Delivered,58,Other,3.7
ORD100652,08-08-2026,P004,USB-C Fast Charger,Electronics,899,420,1,15,3,75,Rajkot,Gujarat,Debit Card,Amazon,Delivered,23,Male,3.6
ORD100653,23-03-2026,P006,Wireless Mouse,Electronics,1299,650,2,15,3,60,Jaipur,Rajasthan,UPI,Flipkart,Returned,48,Other,3.8
ORD100654,24-08-2026,P011,Hoodie,Fashion,1599,720,2,5,8,100,Kochi,Kerala,UPI,Amazon,Delivered,44,Other,4.5
ORD100655,27-06-2026,P018,Notebook,Stationery,299,95,2,0,5,75,Bengaluru,Karnataka,Credit Card,Website,Delivered,43,Male,4.3
ORD100656,10-02-2026,P011,Hoodie,Fashion,1599,720,1,20,5,100,Surat,Gujarat,Cash on Delivery,Amazon,Delivered,46,Female,4.7
ORD100657,01-06-2026,P005,Mechanical Keyboard,Electronics,3299,1900,1,10,5,40,Jaipur,Rajasthan,Cash on Delivery,Amazon,Delivered,29,Female,4.8
ORD100658,25-08-2026,P019,Pen Set,Stationery,249,80,1,20,5,40,Ahmedabad,Gujarat,Cash on Delivery,Instagram,Cancelled,34,Other,4.7
ORD100659,03-06-2026,P002,Smart Watch,Electronics,3999,2200,1,5,3,60,Delhi,Delhi,Credit Card,WhatsApp,Delivered,25,Male,4.4
ORD100660,27-04-2026,P014,Coffee Mug,Home & Kitchen,499,180,2,15,3,50,Kochi,Kerala,Credit Card,Instagram,Returned,35,Female,4.5
ORD100661,22-02-2026,P013,Water Bottle,Home & Kitchen,699,260,1,5,8,50,Indore,Madhya Pradesh,Cash on Delivery,Instagram,Cancelled,44,Male,3.1
ORD100662,21-08-2026,P009,Running Shoes,Footwear,3499,1900,1,10,12,75,Bengaluru,Karnataka,UPI,Website,Delivered,48,Male,4.7
ORD100663,09-04-2026,P013,Water Bottle,Home & Kitchen,699,260,1,15,12,60,Kolkata,West Bengal,UPI,Website,Returned,53,Male,3.1
ORD100664,05-06-2026,P008,Travel Backpack,Bags,2199,1150,1,20,3,40,Pune,Maharashtra,Debit Card,WhatsApp,Returned,57,Female,3.6
ORD100665,17-08-2026,P013,Water Bottle,Home & Kitchen,699,260,1,0,12,50,Vadodara,Gujarat,Debit Card,Instagram,Cancelled,50,Female,4.9
ORD100666,01-07-2026,P015,Desk Lamp,Home & Kitchen,1199,560,1,15,5,60,Pune,Maharashtra,UPI,Amazon,Cancelled,20,Male,4
ORD100667,21-04-2026,P009,Running Shoes,Footwear,3499,1900,2,10,12,60,Kochi,Kerala,Net Banking,Amazon,Delivered,45,Male,3.6
ORD100668,23-05-2026,P016,Yoga Mat,Fitness,999,420,2,15,3,50,Vadodara,Gujarat,Credit Card,Website,Returned,32,Male,3.1
ORD100669,22-04-2026,P009,Running Shoes,Footwear,3499,1900,1,15,3,75,Bengaluru,Karnataka,Debit Card,WhatsApp,Delivered,49,Female,4
ORD100670,22-02-2026,P005,Mechanical Keyboard,Electronics,3299,1900,1,5,5,100,Surat,Gujarat,Debit Card,WhatsApp,Delivered,60,Other,3.4
ORD100671,16-02-2026,P001,Wireless Headphones,Electronics,2499,1450,1,0,5,75,Chennai,Tamil Nadu,UPI,Amazon,Delivered,19,Female,4.4
ORD100672,26-08-2026,P004,USB-C Fast Charger,Electronics,899,420,1,10,5,40,Chennai,Tamil Nadu,UPI,Flipkart,Delivered,60,Female,3.9
ORD100673,26-03-2026,P009,Running Shoes,Footwear,3499,1900,1,20,10,60,Ahmedabad,Gujarat,Net Banking,Instagram,Delivered,31,Male,4.6
ORD100674,10-07-2026,P010,Casual T-Shirt,Fashion,799,350,1,20,12,75,Ahmedabad,Gujarat,UPI,Flipkart,Delivered,34,Male,3.5
ORD100675,23-02-2026,P013,Water Bottle,Home & Kitchen,699,260,1,15,10,60,Indore,Madhya Pradesh,Credit Card,Website,Delivered,37,Female,4.6
ORD100676,03-02-2026,P010,Casual T-Shirt,Fashion,799,350,2,0,8,100,Chennai,Tamil Nadu,Credit Card,Flipkart,Delivered,46,Female,4
ORD100677,13-07-2026,P019,Pen Set,Stationery,249,80,1,10,12,50,Surat,Gujarat,Cash on Delivery,Flipkart,Delivered,23,Male,4
ORD100678,25-06-2026,P015,Desk Lamp,Home & Kitchen,1199,560,1,5,10,100,Jaipur,Rajasthan,Net Banking,Website,Returned,36,Female,3.9
ORD100679,25-06-2026,P016,Yoga Mat,Fitness,999,420,1,5,12,75,Vadodara,Gujarat,Debit Card,WhatsApp,Delivered,21,Other,3.2
ORD100680,19-04-2026,P002,Smart Watch,Electronics,3999,2200,1,0,10,100,Hyderabad,Telangana,Debit Card,Amazon,Delivered,34,Other,3.2
ORD100681,19-06-2026,P017,Resistance Bands,Fitness,599,230,1,5,5,75,Kolkata,West Bengal,UPI,Website,Delivered,44,Other,3.6
ORD100682,21-06-2026,P019,Pen Set,Stationery,249,80,2,20,8,60,Lucknow,Uttar Pradesh,Credit Card,Instagram,Delivered,29,Male,4.5
ORD100683,28-01-2026,P020,Mobile Cover,Accessories,499,150,1,20,3,40,Jaipur,Rajasthan,Cash on Delivery,Website,Delivered,18,Male,4.3
ORD100684,18-06-2026,P015,Desk Lamp,Home & Kitchen,1199,560,1,20,10,60,Indore,Madhya Pradesh,Net Banking,WhatsApp,Returned,41,Other,4.3
ORD100685,02-02-2026,P013,Water Bottle,Home & Kitchen,699,260,2,0,5,40,Surat,Gujarat,UPI,Instagram,Delivered,19,Male,4
ORD100686,04-08-2026,P005,Mechanical Keyboard,Electronics,3299,1900,1,20,5,40,Delhi,Delhi,Debit Card,Flipkart,Returned,27,Female,3.8
ORD100687,09-07-2026,P004,USB-C Fast Charger,Electronics,899,420,1,15,10,75,Vadodara,Gujarat,UPI,Flipkart,Returned,55,Male,3.4
ORD100688,14-01-2026,P019,Pen Set,Stationery,249,80,2,0,3,75,Delhi,Delhi,Cash on Delivery,Flipkart,Delivered,55,Other,4.5
ORD100689,05-05-2026,P010,Casual T-Shirt,Fashion,799,350,1,20,12,75,Delhi,Delhi,Credit Card,Website,Cancelled,51,Male,3.8
ORD100690,17-08-2026,P011,Hoodie,Fashion,1599,720,1,15,10,40,Mumbai,Maharashtra,Cash on Delivery,WhatsApp,Returned,59,Female,3.9
ORD100691,05-07-2026,P014,Coffee Mug,Home & Kitchen,499,180,1,15,8,75,Mumbai,Maharashtra,Credit Card,WhatsApp,Delivered,32,Other,4.8
ORD100692,04-08-2026,P011,Hoodie,Fashion,1599,720,3,15,5,60,Indore,Madhya Pradesh,Cash on Delivery,Flipkart,Returned,59,Other,3.7
ORD100693,11-02-2026,P016,Yoga Mat,Fitness,999,420,2,5,8,40,Indore,Madhya Pradesh,Cash on Delivery,Instagram,Cancelled,29,Male,3.3
ORD100694,07-05-2026,P016,Yoga Mat,Fitness,999,420,1,5,5,100,Delhi,Delhi,UPI,Website,Delivered,40,Female,3.7
ORD100695,17-08-2026,P006,Wireless Mouse,Electronics,1299,650,1,0,3,60,Indore,Madhya Pradesh,Cash on Delivery,Website,Cancelled,57,Male,3.2
ORD100696,20-07-2026,P008,Travel Backpack,Bags,2199,1150,1,0,12,60,Pune,Maharashtra,Credit Card,WhatsApp,Delivered,56,Other,3.2
ORD100697,24-07-2026,P002,Smart Watch,Electronics,3999,2200,3,0,3,100,Bengaluru,Karnataka,Net Banking,Website,Delivered,53,Male,4
ORD100698,22-02-2026,P006,Wireless Mouse,Electronics,1299,650,1,5,8,75,Indore,Madhya Pradesh,Net Banking,Flipkart,Delivered,24,Male,4.3
ORD100699,06-08-2026,P011,Hoodie,Fashion,1599,720,2,15,10,40,Surat,Gujarat,Credit Card,Flipkart,Delivered,39,Female,4
ORD100700,13-07-2026,P003,Bluetooth Speaker,Electronics,1799,950,1,10,5,50,Kolkata,West Bengal,Net Banking,Flipkart,Delivered,32,Male,4.6
ORD100701,28-04-2026,P014,Coffee Mug,Home & Kitchen,499,180,2,10,3,75,Kochi,Kerala,Credit Card,Website,Cancelled,51,Male,3.2
ORD100702,12-02-2026,P011,Hoodie,Fashion,1599,720,1,0,10,40,Lucknow,Uttar Pradesh,Credit Card,WhatsApp,Delivered,21,Other,5
ORD100703,13-04-2026,P017,Resistance Bands,Fitness,599,230,3,20,8,60,Delhi,Delhi,Debit Card,Website,Returned,35,Other,4.2
ORD100704,14-06-2026,P005,Mechanical Keyboard,Electronics,3299,1900,2,20,12,100,Bengaluru,Karnataka,Cash on Delivery,Amazon,Delivered,59,Female,4.6
ORD100705,27-03-2026,P010,Casual T-Shirt,Fashion,799,350,1,5,12,100,Hyderabad,Telangana,Debit Card,Instagram,Delivered,23,Other,4.1
ORD100706,10-02-2026,P017,Resistance Bands,Fitness,599,230,1,0,12,100,Jaipur,Rajasthan,Debit Card,Instagram,Delivered,37,Other,3.8
ORD100707,04-08-2026,P017,Resistance Bands,Fitness,599,230,1,10,12,60,Ahmedabad,Gujarat,UPI,Website,Delivered,59,Male,3.9
ORD100708,28-03-2026,P019,Pen Set,Stationery,249,80,2,20,12,100,Bengaluru,Karnataka,Net Banking,Instagram,Delivered,40,Female,3.6
ORD100709,07-04-2026,P019,Pen Set,Stationery,249,80,1,5,3,60,Kolkata,West Bengal,Net Banking,WhatsApp,Cancelled,30,Female,3.9
ORD100710,16-04-2026,P005,Mechanical Keyboard,Electronics,3299,1900,2,0,3,75,Indore,Madhya Pradesh,Credit Card,Flipkart,Delivered,31,Female,3.2
ORD100711,13-05-2026,P017,Resistance Bands,Fitness,599,230,1,10,12,75,Hyderabad,Telangana,Cash on Delivery,Flipkart,Delivered,49,Other,4.9
ORD100712,05-05-2026,P006,Wireless Mouse,Electronics,1299,650,1,15,5,100,Vadodara,Gujarat,Net Banking,Website,Returned,31,Female,3.9
ORD100713,24-08-2026,P006,Wireless Mouse,Electronics,1299,650,3,20,10,40,Pune,Maharashtra,UPI,Amazon,Delivered,54,Female,3.1
ORD100714,06-04-2026,P005,Mechanical Keyboard,Electronics,3299,1900,1,10,10,40,Mumbai,Maharashtra,Credit Card,Instagram,Delivered,55,Female,3.1
ORD100715,16-02-2026,P010,Casual T-Shirt,Fashion,799,350,2,15,3,40,Rajkot,Gujarat,Net Banking,Amazon,Returned,22,Male,3.8
ORD100716,19-08-2026,P019,Pen Set,Stationery,249,80,1,15,10,100,Bengaluru,Karnataka,Credit Card,Instagram,Delivered,50,Other,3.9
ORD100717,10-08-2026,P015,Desk Lamp,Home & Kitchen,1199,560,1,10,3,100,Vadodara,Gujarat,Net Banking,Flipkart,Returned,42,Male,4.8
ORD100718,16-08-2026,P011,Hoodie,Fashion,1599,720,1,10,3,50,Jaipur,Rajasthan,UPI,WhatsApp,Delivered,58,Other,3.6
ORD100719,19-02-2026,P004,USB-C Fast Charger,Electronics,899,420,1,20,12,40,Surat,Gujarat,Net Banking,WhatsApp,Cancelled,30,Female,4
ORD100720,17-05-2026,P001,Wireless Headphones,Electronics,2499,1450,1,0,8,50,Kochi,Kerala,Credit Card,WhatsApp,Delivered,46,Male,4.6
ORD100721,12-01-2026,P020,Mobile Cover,Accessories,499,150,1,0,8,75,Chennai,Tamil Nadu,Credit Card,Flipkart,Delivered,19,Other,3.6
ORD100722,19-05-2026,P009,Running Shoes,Footwear,3499,1900,1,10,5,50,Surat,Gujarat,Debit Card,Website,Delivered,27,Female,4.9
ORD100723,16-02-2026,P006,Wireless Mouse,Electronics,1299,650,1,0,8,75,Pune,Maharashtra,UPI,Amazon,Delivered,27,Female,4.8
ORD100724,19-08-2026,P009,Running Shoes,Footwear,3499,1900,1,0,5,50,Indore,Madhya Pradesh,Net Banking,WhatsApp,Delivered,33,Female,4
ORD100725,10-03-2026,P017,Resistance Bands,Fitness,599,230,1,10,10,100,Surat,Gujarat,Cash on Delivery,Website,Delivered,48,Male,3.8
ORD100726,10-03-2026,P008,Travel Backpack,Bags,2199,1150,2,20,3,50,Ahmedabad,Gujarat,Net Banking,Instagram,Cancelled,37,Other,3.8
ORD100727,22-02-2026,P003,Bluetooth Speaker,Electronics,1799,950,2,10,12,50,Hyderabad,Telangana,Credit Card,WhatsApp,Delivered,45,Other,3.9
ORD100728,08-06-2026,P001,Wireless Headphones,Electronics,2499,1450,2,5,3,40,Indore,Madhya Pradesh,Cash on Delivery,Amazon,Delivered,56,Female,4.7
ORD100729,11-06-2026,P013,Water Bottle,Home & Kitchen,699,260,4,20,12,60,Indore,Madhya Pradesh,UPI,Instagram,Delivered,52,Other,3.1
ORD100730,01-08-2026,P003,Bluetooth Speaker,Electronics,1799,950,1,20,8,75,Surat,Gujarat,Credit Card,WhatsApp,Delivered,50,Female,4.8
ORD100731,01-07-2026,P011,Hoodie,Fashion,1599,720,1,10,5,60,Lucknow,Uttar Pradesh,Debit Card,Instagram,Delivered,47,Other,3.7
ORD100732,05-06-2026,P005,Mechanical Keyboard,Electronics,3299,1900,1,0,3,50,Ahmedabad,Gujarat,Cash on Delivery,WhatsApp,Delivered,49,Female,4.1
ORD100733,02-08-2026,P003,Bluetooth Speaker,Electronics,1799,950,1,15,3,60,Kochi,Kerala,Cash on Delivery,WhatsApp,Returned,40,Female,3.4
ORD100734,19-02-2026,P001,Wireless Headphones,Electronics,2499,1450,1,0,5,40,Pune,Maharashtra,Debit Card,Amazon,Delivered,30,Male,4.6
ORD100735,01-03-2026,P010,Casual T-Shirt,Fashion,799,350,2,10,3,60,Rajkot,Gujarat,Cash on Delivery,WhatsApp,Delivered,31,Male,3.4
ORD100736,26-05-2026,P013,Water Bottle,Home & Kitchen,699,260,1,15,5,100,Mumbai,Maharashtra,Credit Card,WhatsApp,Cancelled,56,Other,3.4
ORD100737,02-02-2026,P019,Pen Set,Stationery,249,80,1,20,5,100,Surat,Gujarat,Debit Card,Instagram,Delivered,19,Other,4.4
ORD100738,15-08-2026,P020,Mobile Cover,Accessories,499,150,1,0,10,40,Hyderabad,Telangana,Debit Card,Flipkart,Delivered,44,Female,3.2
ORD100739,13-05-2026,P017,Resistance Bands,Fitness,599,230,1,5,3,60,Pune,Maharashtra,Cash on Delivery,WhatsApp,Delivered,46,Female,3
ORD100740,27-05-2026,P007,Laptop Stand,Accessories,1499,780,1,5,10,40,Kochi,Kerala,Credit Card,Instagram,Delivered,28,Female,3.6
ORD100741,26-07-2026,P004,USB-C Fast Charger,Electronics,899,420,1,20,8,60,Delhi,Delhi,Credit Card,Website,Delivered,48,Male,4.9
ORD100742,23-07-2026,P002,Smart Watch,Electronics,3999,2200,2,0,12,100,Hyderabad,Telangana,Cash on Delivery,Website,Delivered,58,Female,4.2
ORD100743,09-01-2026,P003,Bluetooth Speaker,Electronics,1799,950,3,10,3,50,Kochi,Kerala,UPI,Flipkart,Delivered,21,Female,4.2
ORD100744,15-01-2026,P014,Coffee Mug,Home & Kitchen,499,180,1,0,8,75,Jaipur,Rajasthan,Cash on Delivery,Website,Cancelled,57,Female,3.5
ORD100745,03-01-2026,P020,Mobile Cover,Accessories,499,150,2,15,10,75,Chennai,Tamil Nadu,Net Banking,WhatsApp,Delivered,24,Female,4.3
ORD100746,31-05-2026,P001,Wireless Headphones,Electronics,2499,1450,1,0,3,40,Pune,Maharashtra,Net Banking,Website,Delivered,55,Male,4.8
ORD100747,01-04-2026,P005,Mechanical Keyboard,Electronics,3299,1900,1,15,12,75,Mumbai,Maharashtra,Credit Card,Instagram,Delivered,26,Male,3.1
ORD100748,16-06-2026,P010,Casual T-Shirt,Fashion,799,350,1,10,12,100,Hyderabad,Telangana,Credit Card,Instagram,Delivered,48,Female,4.2
ORD100749,13-05-2026,P010,Casual T-Shirt,Fashion,799,350,1,5,3,50,Ahmedabad,Gujarat,Net Banking,WhatsApp,Cancelled,21,Female,3.7
ORD100750,21-07-2026,P007,Laptop Stand,Accessories,1499,780,1,10,5,75,Rajkot,Gujarat,Cash on Delivery,WhatsApp,Delivered,39,Other,4.1
ORD100751,26-03-2026,P011,Hoodie,Fashion,1599,720,1,0,10,40,Delhi,Delhi,Cash on Delivery,Instagram,Delivered,18,Other,3.4
ORD100752,03-03-2026,P008,Travel Backpack,Bags,2199,1150,1,10,10,50,Rajkot,Gujarat,Cash on Delivery,Instagram,Delivered,18,Female,3
ORD100753,06-02-2026,P012,Sunglasses,Fashion,1299,520,1,15,5,100,Surat,Gujarat,Debit Card,Website,Delivered,19,Male,3.4
ORD100754,04-07-2026,P006,Wireless Mouse,Electronics,1299,650,1,10,12,50,Mumbai,Maharashtra,Credit Card,Instagram,Delivered,19,Male,4.7
ORD100755,05-02-2026,P004,USB-C Fast Charger,Electronics,899,420,1,0,8,50,Jaipur,Rajasthan,Debit Card,Flipkart,Delivered,33,Female,4.6
ORD100756,09-06-2026,P006,Wireless Mouse,Electronics,1299,650,3,0,3,50,Lucknow,Uttar Pradesh,Credit Card,Instagram,Delivered,30,Other,3.8
ORD100757,12-06-2026,P012,Sunglasses,Fashion,1299,520,1,0,12,100,Delhi,Delhi,Credit Card,WhatsApp,Delivered,36,Male,3.7
ORD100758,12-08-2026,P002,Smart Watch,Electronics,3999,2200,1,20,12,75,Mumbai,Maharashtra,Credit Card,Website,Delivered,48,Other,4.2
ORD100759,14-08-2026,P006,Wireless Mouse,Electronics,1299,650,1,20,8,75,Lucknow,Uttar Pradesh,Net Banking,Flipkart,Returned,29,Female,4.4
ORD100760,07-05-2026,P017,Resistance Bands,Fitness,599,230,1,10,12,75,Kolkata,West Bengal,Net Banking,Website,Delivered,31,Male,4.8
ORD100761,25-02-2026,P015,Desk Lamp,Home & Kitchen,1199,560,2,15,10,100,Delhi,Delhi,Credit Card,Amazon,Delivered,34,Other,3.2
ORD100762,01-04-2026,P003,Bluetooth Speaker,Electronics,1799,950,1,20,3,75,Hyderabad,Telangana,Net Banking,WhatsApp,Delivered,39,Female,3.9
ORD100763,08-05-2026,P014,Coffee Mug,Home & Kitchen,499,180,1,10,10,40,Lucknow,Uttar Pradesh,Credit Card,Flipkart,Delivered,32,Female,4.3
ORD100764,04-08-2026,P012,Sunglasses,Fashion,1299,520,2,20,12,40,Mumbai,Maharashtra,Debit Card,Instagram,Cancelled,24,Male,3.1
ORD100765,20-02-2026,P002,Smart Watch,Electronics,3999,2200,1,10,8,60,Pune,Maharashtra,Debit Card,Instagram,Returned,56,Male,5
ORD100766,17-07-2026,P018,Notebook,Stationery,299,95,2,10,8,75,Ahmedabad,Gujarat,Cash on Delivery,WhatsApp,Delivered,59,Male,3.9
ORD100767,10-08-2026,P017,Resistance Bands,Fitness,599,230,4,5,5,50,Vadodara,Gujarat,Cash on Delivery,Instagram,Delivered,51,Other,4.6
ORD100768,29-03-2026,P015,Desk Lamp,Home & Kitchen,1199,560,2,10,5,75,Bengaluru,Karnataka,Cash on Delivery,Instagram,Delivered,46,Female,4.7
ORD100769,12-08-2026,P001,Wireless Headphones,Electronics,2499,1450,1,10,3,75,Chennai,Tamil Nadu,Debit Card,Amazon,Delivered,32,Female,3.9
ORD100770,18-05-2026,P013,Water Bottle,Home & Kitchen,699,260,2,10,12,40,Kolkata,West Bengal,Net Banking,Website,Delivered,26,Male,5
ORD100771,04-06-2026,P011,Hoodie,Fashion,1599,720,1,20,10,75,Lucknow,Uttar Pradesh,Credit Card,Flipkart,Cancelled,22,Other,3.8
ORD100772,26-04-2026,P016,Yoga Mat,Fitness,999,420,1,10,3,50,Chennai,Tamil Nadu,UPI,WhatsApp,Returned,29,Male,4.7
ORD100773,20-02-2026,P020,Mobile Cover,Accessories,499,150,1,15,8,50,Vadodara,Gujarat,Credit Card,Amazon,Delivered,60,Other,3.1
ORD100774,13-02-2026,P002,Smart Watch,Electronics,3999,2200,1,15,10,50,Ahmedabad,Gujarat,UPI,Instagram,Delivered,52,Female,4
ORD100775,10-08-2026,P003,Bluetooth Speaker,Electronics,1799,950,1,5,5,60,Kochi,Kerala,Cash on Delivery,Flipkart,Delivered,28,Other,4.2
ORD100776,03-07-2026,P010,Casual T-Shirt,Fashion,799,350,1,15,8,50,Hyderabad,Telangana,UPI,Instagram,Returned,46,Male,4.6
ORD100777,26-03-2026,P020,Mobile Cover,Accessories,499,150,2,15,10,75,Hyderabad,Telangana,Net Banking,Website,Cancelled,23,Female,4.3
ORD100778,02-07-2026,P015,Desk Lamp,Home & Kitchen,1199,560,1,15,12,50,Indore,Madhya Pradesh,Cash on Delivery,Instagram,Delivered,29,Other,4.5
ORD100779,16-02-2026,P015,Desk Lamp,Home & Kitchen,1199,560,1,20,3,75,Jaipur,Rajasthan,UPI,Instagram,Returned,28,Female,4.8
ORD100780,18-01-2026,P018,Notebook,Stationery,299,95,1,5,10,75,Kochi,Kerala,Net Banking,Website,Returned,41,Male,4.5
ORD100781,15-04-2026,P017,Resistance Bands,Fitness,599,230,2,5,8,50,Pune,Maharashtra,Net Banking,Website,Delivered,47,Male,3.1
ORD100782,13-04-2026,P015,Desk Lamp,Home & Kitchen,1199,560,1,15,3,40,Kolkata,West Bengal,Debit Card,Website,Delivered,26,Female,4.3
ORD100783,22-01-2026,P015,Desk Lamp,Home & Kitchen,1199,560,1,5,10,50,Surat,Gujarat,Cash on Delivery,Amazon,Cancelled,28,Male,4.7
ORD100784,01-02-2026,P020,Mobile Cover,Accessories,499,150,1,15,5,40,Mumbai,Maharashtra,UPI,Amazon,Cancelled,27,Female,3.7
ORD100785,22-06-2026,P007,Laptop Stand,Accessories,1499,780,2,5,10,40,Kochi,Kerala,Net Banking,Website,Cancelled,42,Other,3.6
ORD100786,17-07-2026,P002,Smart Watch,Electronics,3999,2200,1,5,5,60,Ahmedabad,Gujarat,Credit Card,Instagram,Delivered,23,Male,3.8
ORD100787,24-06-2026,P001,Wireless Headphones,Electronics,2499,1450,1,0,5,40,Rajkot,Gujarat,Credit Card,Instagram,Returned,20,Female,4
ORD100788,18-02-2026,P011,Hoodie,Fashion,1599,720,1,5,12,75,Jaipur,Rajasthan,Cash on Delivery,Website,Cancelled,32,Male,3.2
ORD100789,17-06-2026,P011,Hoodie,Fashion,1599,720,1,0,10,50,Delhi,Delhi,Cash on Delivery,Instagram,Delivered,22,Other,4.6
ORD100790,15-08-2026,P020,Mobile Cover,Accessories,499,150,1,15,8,100,Surat,Gujarat,Cash on Delivery,Website,Delivered,52,Other,3.3
ORD100791,28-06-2026,P004,USB-C Fast Charger,Electronics,899,420,1,5,8,50,Jaipur,Rajasthan,Debit Card,Flipkart,Delivered,22,Female,3
ORD100792,13-06-2026,P019,Pen Set,Stationery,249,80,1,5,12,100,Hyderabad,Telangana,UPI,Instagram,Returned,19,Other,4.5
ORD100793,20-04-2026,P004,USB-C Fast Charger,Electronics,899,420,1,20,3,40,Kolkata,West Bengal,Credit Card,Amazon,Delivered,49,Female,3.4
ORD100794,02-03-2026,P013,Water Bottle,Home & Kitchen,699,260,1,20,10,60,Ahmedabad,Gujarat,Credit Card,Amazon,Returned,38,Other,4.6
ORD100795,15-06-2026,P002,Smart Watch,Electronics,3999,2200,1,0,5,60,Delhi,Delhi,Debit Card,Instagram,Delivered,31,Other,3.1
ORD100796,04-07-2026,P008,Travel Backpack,Bags,2199,1150,2,20,10,100,Kolkata,West Bengal,Debit Card,Instagram,Delivered,46,Other,3
ORD100797,14-01-2026,P016,Yoga Mat,Fitness,999,420,1,5,5,50,Rajkot,Gujarat,UPI,Instagram,Returned,55,Other,4.7
ORD100798,20-04-2026,P007,Laptop Stand,Accessories,1499,780,1,15,8,50,Surat,Gujarat,Credit Card,Instagram,Returned,45,Male,4.2
ORD100799,12-06-2026,P010,Casual T-Shirt,Fashion,799,350,1,10,10,40,Bengaluru,Karnataka,Debit Card,Flipkart,Delivered,42,Male,3.9
ORD100800,21-04-2026,P014,Coffee Mug,Home & Kitchen,499,180,1,15,3,75,Kolkata,West Bengal,Cash on Delivery,Website,Delivered,37,Other,4.1
ORD100801,08-04-2026,P018,Notebook,Stationery,299,95,2,10,10,60,Mumbai,Maharashtra,Cash on Delivery,WhatsApp,Delivered,56,Female,3.1
ORD100802,09-02-2026,P005,Mechanical Keyboard,Electronics,3299,1900,2,0,3,100,Rajkot,Gujarat,Debit Card,Flipkart,Delivered,43,Female,4.9
ORD100803,14-06-2026,P012,Sunglasses,Fashion,1299,520,1,0,10,40,Mumbai,Maharashtra,UPI,Flipkart,Cancelled,54,Male,3.4
ORD100804,22-08-2026,P014,Coffee Mug,Home & Kitchen,499,180,3,10,12,75,Lucknow,Uttar Pradesh,Debit Card,Website,Returned,59,Female,4.9
ORD100805,24-08-2026,P008,Travel Backpack,Bags,2199,1150,1,0,5,60,Ahmedabad,Gujarat,Net Banking,Flipkart,Delivered,27,Female,3.5
ORD100806,11-02-2026,P019,Pen Set,Stationery,249,80,3,0,3,75,Indore,Madhya Pradesh,Cash on Delivery,WhatsApp,Delivered,23,Other,4.8
ORD100807,06-03-2026,P014,Coffee Mug,Home & Kitchen,499,180,1,10,12,100,Delhi,Delhi,Cash on Delivery,WhatsApp,Returned,37,Other,3.8
ORD100808,18-07-2026,P003,Bluetooth Speaker,Electronics,1799,950,1,5,8,50,Chennai,Tamil Nadu,Cash on Delivery,Amazon,Delivered,18,Male,4.6
ORD100809,28-06-2026,P001,Wireless Headphones,Electronics,2499,1450,1,20,10,60,Lucknow,Uttar Pradesh,Cash on Delivery,Instagram,Delivered,29,Female,3.4
ORD100810,09-05-2026,P005,Mechanical Keyboard,Electronics,3299,1900,1,15,12,50,Vadodara,Gujarat,Credit Card,Instagram,Delivered,21,Other,3.4
ORD100811,12-08-2026,P007,Laptop Stand,Accessories,1499,780,1,15,12,40,Kochi,Kerala,Credit Card,Website,Delivered,36,Male,3.8
ORD100812,30-05-2026,P009,Running Shoes,Footwear,3499,1900,1,15,10,40,Ahmedabad,Gujarat,UPI,Website,Delivered,35,Male,4.3
ORD100813,22-07-2026,P002,Smart Watch,Electronics,3999,2200,1,15,12,100,Hyderabad,Telangana,Debit Card,Flipkart,Delivered,48,Female,4.2
ORD100814,29-03-2026,P011,Hoodie,Fashion,1599,720,1,5,8,75,Kochi,Kerala,Cash on Delivery,WhatsApp,Delivered,21,Female,4.7
ORD100815,28-06-2026,P004,USB-C Fast Charger,Electronics,899,420,1,5,3,100,Indore,Madhya Pradesh,UPI,WhatsApp,Delivered,35,Other,4.5
ORD100816,25-06-2026,P008,Travel Backpack,Bags,2199,1150,1,15,12,75,Chennai,Tamil Nadu,Credit Card,Website,Returned,58,Female,3
ORD100817,08-07-2026,P012,Sunglasses,Fashion,1299,520,2,15,5,100,Lucknow,Uttar Pradesh,Cash on Delivery,Flipkart,Delivered,57,Male,3.7
ORD100818,29-06-2026,P016,Yoga Mat,Fitness,999,420,4,15,8,100,Indore,Madhya Pradesh,Credit Card,Instagram,Delivered,51,Other,4.6
ORD100819,23-07-2026,P017,Resistance Bands,Fitness,599,230,1,10,12,75,Bengaluru,Karnataka,Credit Card,Flipkart,Delivered,25,Female,4.3
ORD100820,12-07-2026,P008,Travel Backpack,Bags,2199,1150,1,0,3,75,Vadodara,Gujarat,UPI,Instagram,Returned,38,Female,4.5
ORD100821,02-05-2026,P008,Travel Backpack,Bags,2199,1150,2,0,5,100,Jaipur,Rajasthan,Cash on Delivery,Website,Returned,39,Male,4.9
ORD100822,07-04-2026,P020,Mobile Cover,Accessories,499,150,1,15,12,75,Pune,Maharashtra,Credit Card,Instagram,Returned,34,Male,3.6
ORD100823,01-06-2026,P004,USB-C Fast Charger,Electronics,899,420,1,0,12,60,Kolkata,West Bengal,Credit Card,Amazon,Delivered,42,Other,4.5
ORD100824,18-02-2026,P010,Casual T-Shirt,Fashion,799,350,1,15,8,60,Hyderabad,Telangana,Credit Card,WhatsApp,Delivered,60,Other,4.2
ORD100825,07-08-2026,P004,USB-C Fast Charger,Electronics,899,420,1,10,5,60,Hyderabad,Telangana,Credit Card,Flipkart,Delivered,47,Male,4.2
ORD100826,25-07-2026,P005,Mechanical Keyboard,Electronics,3299,1900,2,0,12,60,Indore,Madhya Pradesh,Debit Card,WhatsApp,Returned,25,Female,5
ORD100827,25-02-2026,P019,Pen Set,Stationery,249,80,1,10,10,40,Indore,Madhya Pradesh,Debit Card,Instagram,Delivered,31,Other,4.9
ORD100828,25-08-2026,P008,Travel Backpack,Bags,2199,1150,2,15,10,60,Ahmedabad,Gujarat,Credit Card,Website,Delivered,53,Female,3.7
ORD100829,11-04-2026,P016,Yoga Mat,Fitness,999,420,4,0,12,60,Lucknow,Uttar Pradesh,Debit Card,Instagram,Delivered,53,Female,3.2
ORD100830,10-08-2026,P011,Hoodie,Fashion,1599,720,2,10,10,50,Chennai,Tamil Nadu,Net Banking,Instagram,Delivered,46,Other,4
ORD100831,11-07-2026,P005,Mechanical Keyboard,Electronics,3299,1900,1,0,8,100,Lucknow,Uttar Pradesh,UPI,Instagram,Delivered,42,Female,4.4
ORD100832,02-04-2026,P006,Wireless Mouse,Electronics,1299,650,3,5,3,40,Surat,Gujarat,Net Banking,Amazon,Delivered,55,Female,4.9
ORD100833,03-03-2026,P013,Water Bottle,Home & Kitchen,699,260,1,15,8,100,Surat,Gujarat,Credit Card,Flipkart,Delivered,60,Other,3.2
ORD100834,08-04-2026,P015,Desk Lamp,Home & Kitchen,1199,560,2,15,8,40,Jaipur,Rajasthan,UPI,Website,Delivered,23,Male,4
ORD100835,27-05-2026,P017,Resistance Bands,Fitness,599,230,1,15,8,40,Chennai,Tamil Nadu,Net Banking,Instagram,Cancelled,42,Female,5
ORD100836,26-01-2026,P014,Coffee Mug,Home & Kitchen,499,180,1,0,12,50,Vadodara,Gujarat,Cash on Delivery,Website,Delivered,43,Other,4.6
ORD100837,03-08-2026,P017,Resistance Bands,Fitness,599,230,1,20,3,50,Hyderabad,Telangana,UPI,Instagram,Cancelled,56,Other,3.4
ORD100838,01-02-2026,P018,Notebook,Stationery,299,95,1,5,12,50,Pune,Maharashtra,Credit Card,Website,Delivered,53,Female,4.7
ORD100839,10-05-2026,P002,Smart Watch,Electronics,3999,2200,1,10,12,50,Surat,Gujarat,Cash on Delivery,Website,Delivered,33,Female,3.1
ORD100840,18-06-2026,P017,Resistance Bands,Fitness,599,230,2,15,5,100,Mumbai,Maharashtra,Cash on Delivery,Amazon,Cancelled,51,Female,4.2
ORD100841,19-06-2026,P017,Resistance Bands,Fitness,599,230,1,5,3,50,Surat,Gujarat,Credit Card,Amazon,Delivered,31,Male,4.2
ORD100842,02-02-2026,P007,Laptop Stand,Accessories,1499,780,1,20,10,40,Mumbai,Maharashtra,Net Banking,Amazon,Returned,34,Female,4.3
ORD100843,07-03-2026,P006,Wireless Mouse,Electronics,1299,650,1,15,5,100,Surat,Gujarat,Credit Card,Website,Returned,58,Other,3.5
ORD100844,18-06-2026,P007,Laptop Stand,Accessories,1499,780,2,20,12,50,Chennai,Tamil Nadu,Cash on Delivery,Instagram,Returned,38,Female,3.8
ORD100845,01-02-2026,P020,Mobile Cover,Accessories,499,150,1,0,12,75,Mumbai,Maharashtra,UPI,Amazon,Cancelled,58,Male,3.7
ORD100846,11-08-2026,P011,Hoodie,Fashion,1599,720,2,10,3,40,Vadodara,Gujarat,Cash on Delivery,Instagram,Delivered,42,Male,4.6
ORD100847,13-08-2026,P004,USB-C Fast Charger,Electronics,899,420,1,20,10,40,Kolkata,West Bengal,Net Banking,Amazon,Delivered,54,Female,4.1
ORD100848,13-02-2026,P020,Mobile Cover,Accessories,499,150,1,15,5,60,Ahmedabad,Gujarat,Net Banking,WhatsApp,Delivered,56,Female,4
ORD100849,12-05-2026,P005,Mechanical Keyboard,Electronics,3299,1900,1,5,5,50,Jaipur,Rajasthan,Cash on Delivery,WhatsApp,Returned,35,Male,4.8
ORD100850,23-06-2026,P012,Sunglasses,Fashion,1299,520,2,15,10,50,Rajkot,Gujarat,Cash on Delivery,Amazon,Cancelled,47,Other,3.6
ORD100851,14-08-2026,P014,Coffee Mug,Home & Kitchen,499,180,1,10,3,60,Kolkata,West Bengal,Cash on Delivery,Amazon,Delivered,23,Other,3.2
ORD100852,28-05-2026,P008,Travel Backpack,Bags,2199,1150,3,0,8,100,Vadodara,Gujarat,Cash on Delivery,Website,Delivered,45,Other,4
ORD100853,25-06-2026,P005,Mechanical Keyboard,Electronics,3299,1900,1,20,3,75,Hyderabad,Telangana,UPI,WhatsApp,Returned,30,Other,3
ORD100854,30-03-2026,P014,Coffee Mug,Home & Kitchen,499,180,2,20,12,40,Kolkata,West Bengal,Net Banking,Flipkart,Delivered,28,Other,4.9
ORD100855,20-01-2026,P017,Resistance Bands,Fitness,599,230,2,5,12,60,Vadodara,Gujarat,UPI,Flipkart,Delivered,49,Female,3.3
ORD100856,05-03-2026,P004,USB-C Fast Charger,Electronics,899,420,1,0,8,60,Jaipur,Rajasthan,Cash on Delivery,Amazon,Cancelled,34,Male,3
ORD100857,20-03-2026,P019,Pen Set,Stationery,249,80,1,20,3,75,Kochi,Kerala,Net Banking,Flipkart,Returned,21,Female,3
ORD100858,28-01-2026,P015,Desk Lamp,Home & Kitchen,1199,560,1,10,5,75,Pune,Maharashtra,Debit Card,Website,Delivered,24,Female,4
ORD100859,09-02-2026,P003,Bluetooth Speaker,Electronics,1799,950,1,0,10,40,Kochi,Kerala,Credit Card,Amazon,Delivered,32,Female,3.8
ORD100860,16-02-2026,P010,Casual T-Shirt,Fashion,799,350,1,10,3,75,Kochi,Kerala,Cash on Delivery,Instagram,Cancelled,26,Female,4.5
ORD100861,01-07-2026,P001,Wireless Headphones,Electronics,2499,1450,1,0,5,60,Indore,Madhya Pradesh,UPI,Instagram,Delivered,43,Female,4.5
ORD100862,03-05-2026,P002,Smart Watch,Electronics,3999,2200,1,10,3,75,Rajkot,Gujarat,Cash on Delivery,WhatsApp,Returned,49,Other,4.4
ORD100863,14-08-2026,P011,Hoodie,Fashion,1599,720,2,20,10,50,Lucknow,Uttar Pradesh,UPI,Website,Delivered,19,Male,3.3
ORD100864,02-03-2026,P017,Resistance Bands,Fitness,599,230,1,10,10,100,Jaipur,Rajasthan,UPI,Flipkart,Delivered,48,Female,3.6
ORD100865,08-06-2026,P003,Bluetooth Speaker,Electronics,1799,950,2,20,5,50,Rajkot,Gujarat,Debit Card,Website,Delivered,34,Other,3.5
ORD100866,20-07-2026,P014,Coffee Mug,Home & Kitchen,499,180,1,20,12,50,Kolkata,West Bengal,Credit Card,WhatsApp,Delivered,58,Other,3.3
ORD100867,12-03-2026,P004,USB-C Fast Charger,Electronics,899,420,1,5,10,40,Ahmedabad,Gujarat,Net Banking,Instagram,Delivered,23,Male,3.8
ORD100868,01-03-2026,P017,Resistance Bands,Fitness,599,230,1,10,10,75,Jaipur,Rajasthan,UPI,WhatsApp,Delivered,45,Other,3.1
ORD100869,31-03-2026,P004,USB-C Fast Charger,Electronics,899,420,1,15,5,60,Mumbai,Maharashtra,UPI,Instagram,Returned,20,Male,3.1
ORD100870,13-03-2026,P011,Hoodie,Fashion,1599,720,1,0,10,50,Bengaluru,Karnataka,Debit Card,Flipkart,Cancelled,41,Female,3.6
ORD100871,22-05-2026,P004,USB-C Fast Charger,Electronics,899,420,1,10,8,60,Jaipur,Rajasthan,Net Banking,WhatsApp,Delivered,56,Female,3.5
ORD100872,23-01-2026,P009,Running Shoes,Footwear,3499,1900,1,5,12,40,Delhi,Delhi,UPI,WhatsApp,Delivered,59,Male,3.4
ORD100873,20-05-2026,P015,Desk Lamp,Home & Kitchen,1199,560,3,10,8,75,Surat,Gujarat,Credit Card,WhatsApp,Cancelled,27,Male,3.3
ORD100874,17-08-2026,P014,Coffee Mug,Home & Kitchen,499,180,1,10,8,75,Mumbai,Maharashtra,UPI,Flipkart,Cancelled,22,Female,3.8
ORD100875,03-06-2026,P017,Resistance Bands,Fitness,599,230,2,5,8,40,Vadodara,Gujarat,Net Banking,Website,Delivered,30,Other,4.6
ORD100876,12-05-2026,P016,Yoga Mat,Fitness,999,420,1,5,10,100,Indore,Madhya Pradesh,Cash on Delivery,WhatsApp,Delivered,42,Female,4.2
ORD100877,27-05-2026,P007,Laptop Stand,Accessories,1499,780,1,20,3,100,Vadodara,Gujarat,Cash on Delivery,WhatsApp,Delivered,51,Female,3.6
ORD100878,22-05-2026,P008,Travel Backpack,Bags,2199,1150,1,5,5,40,Mumbai,Maharashtra,Net Banking,Instagram,Delivered,36,Male,4.3
ORD100879,12-08-2026,P009,Running Shoes,Footwear,3499,1900,3,5,5,100,Mumbai,Maharashtra,UPI,Website,Delivered,59,Female,4.3
ORD100880,15-08-2026,P012,Sunglasses,Fashion,1299,520,1,10,5,75,Kolkata,West Bengal,Net Banking,Amazon,Cancelled,38,Male,4.3
ORD100881,07-07-2026,P001,Wireless Headphones,Electronics,2499,1450,2,5,8,40,Rajkot,Gujarat,Net Banking,WhatsApp,Delivered,24,Other,4.5
ORD100882,11-08-2026,P013,Water Bottle,Home & Kitchen,699,260,3,20,12,50,Mumbai,Maharashtra,Cash on Delivery,Instagram,Returned,38,Female,3.4
ORD100883,06-07-2026,P013,Water Bottle,Home & Kitchen,699,260,1,15,8,50,Rajkot,Gujarat,Cash on Delivery,Website,Returned,49,Male,3.9
ORD100884,06-07-2026,P006,Wireless Mouse,Electronics,1299,650,1,10,3,60,Bengaluru,Karnataka,Credit Card,Instagram,Delivered,43,Other,4.2
ORD100885,04-03-2026,P003,Bluetooth Speaker,Electronics,1799,950,1,15,3,100,Delhi,Delhi,Credit Card,Website,Delivered,56,Male,3.8
ORD100886,15-07-2026,P001,Wireless Headphones,Electronics,2499,1450,1,0,5,50,Ahmedabad,Gujarat,UPI,Amazon,Returned,27,Other,4.2
ORD100887,19-05-2026,P001,Wireless Headphones,Electronics,2499,1450,3,10,3,50,Surat,Gujarat,Credit Card,Flipkart,Returned,54,Female,4.6
ORD100888,04-03-2026,P010,Casual T-Shirt,Fashion,799,350,1,20,8,100,Vadodara,Gujarat,UPI,Website,Delivered,20,Male,4.1
ORD100889,17-04-2026,P004,USB-C Fast Charger,Electronics,899,420,1,0,5,40,Indore,Madhya Pradesh,Credit Card,Flipkart,Delivered,42,Male,3.7
ORD100890,25-06-2026,P010,Casual T-Shirt,Fashion,799,350,1,0,10,50,Kochi,Kerala,UPI,Instagram,Delivered,24,Female,3.7
ORD100891,25-08-2026,P020,Mobile Cover,Accessories,499,150,1,0,12,50,Pune,Maharashtra,Credit Card,Flipkart,Delivered,51,Female,4.2
ORD100892,25-06-2026,P014,Coffee Mug,Home & Kitchen,499,180,1,20,8,60,Jaipur,Rajasthan,UPI,Amazon,Delivered,49,Other,3.7
ORD100893,24-07-2026,P009,Running Shoes,Footwear,3499,1900,2,0,5,50,Kolkata,West Bengal,Debit Card,Instagram,Delivered,42,Female,4.4
ORD100894,28-05-2026,P016,Yoga Mat,Fitness,999,420,2,10,5,40,Surat,Gujarat,Debit Card,Instagram,Delivered,29,Female,3.7
ORD100895,16-04-2026,P016,Yoga Mat,Fitness,999,420,1,10,5,50,Kolkata,West Bengal,Cash on Delivery,Flipkart,Cancelled,53,Female,4.1
ORD100896,28-02-2026,P016,Yoga Mat,Fitness,999,420,1,0,12,75,Indore,Madhya Pradesh,Net Banking,WhatsApp,Delivered,32,Other,3.2
ORD100897,05-01-2026,P012,Sunglasses,Fashion,1299,520,1,20,10,50,Indore,Madhya Pradesh,UPI,Website,Delivered,40,Female,4.7
ORD100898,02-08-2026,P005,Mechanical Keyboard,Electronics,3299,1900,1,15,5,50,Vadodara,Gujarat,Credit Card,Website,Cancelled,26,Male,4.9
ORD100899,28-06-2026,P005,Mechanical Keyboard,Electronics,3299,1900,1,10,3,40,Ahmedabad,Gujarat,Net Banking,Website,Delivered,48,Other,4.7
ORD100900,21-01-2026,P001,Wireless Headphones,Electronics,2499,1450,1,0,3,100,Vadodara,Gujarat,Cash on Delivery,Instagram,Delivered,29,Female,4.5
ORD100901,01-05-2026,P017,Resistance Bands,Fitness,599,230,1,10,10,40,Mumbai,Maharashtra,Debit Card,Website,Delivered,27,Male,4.8
ORD100902,09-05-2026,P002,Smart Watch,Electronics,3999,2200,1,0,10,75,Vadodara,Gujarat,Cash on Delivery,WhatsApp,Delivered,34,Other,4
ORD100903,11-03-2026,P008,Travel Backpack,Bags,2199,1150,1,20,10,50,Vadodara,Gujarat,Credit Card,Flipkart,Delivered,57,Male,3.4
ORD100904,04-06-2026,P006,Wireless Mouse,Electronics,1299,650,2,15,10,60,Hyderabad,Telangana,Cash on Delivery,Flipkart,Delivered,28,Male,4.6
ORD100905,27-01-2026,P014,Coffee Mug,Home & Kitchen,499,180,1,10,12,60,Surat,Gujarat,UPI,Instagram,Delivered,36,Male,4.1
ORD100906,13-07-2026,P003,Bluetooth Speaker,Electronics,1799,950,1,5,12,50,Ahmedabad,Gujarat,UPI,Instagram,Delivered,35,Male,5
ORD100907,04-05-2026,P019,Pen Set,Stationery,249,80,1,0,8,40,Lucknow,Uttar Pradesh,Debit Card,Website,Delivered,40,Female,4.9
ORD100908,11-04-2026,P017,Resistance Bands,Fitness,599,230,1,10,5,40,Lucknow,Uttar Pradesh,Debit Card,Flipkart,Returned,50,Male,4
ORD100909,08-04-2026,P005,Mechanical Keyboard,Electronics,3299,1900,1,20,3,60,Lucknow,Uttar Pradesh,Credit Card,Instagram,Delivered,47,Male,4.8
ORD100910,15-08-2026,P003,Bluetooth Speaker,Electronics,1799,950,3,5,5,100,Rajkot,Gujarat,Net Banking,WhatsApp,Delivered,59,Other,4.9
ORD100911,28-03-2026,P011,Hoodie,Fashion,1599,720,1,10,12,75,Vadodara,Gujarat,UPI,Flipkart,Delivered,33,Male,5
ORD100912,26-05-2026,P020,Mobile Cover,Accessories,499,150,1,15,3,40,Vadodara,Gujarat,Credit Card,Amazon,Returned,53,Male,4
ORD100913,17-03-2026,P015,Desk Lamp,Home & Kitchen,1199,560,1,0,8,100,Kochi,Kerala,Debit Card,Amazon,Delivered,23,Male,3.4
ORD100914,07-03-2026,P015,Desk Lamp,Home & Kitchen,1199,560,1,5,3,100,Bengaluru,Karnataka,Cash on Delivery,Website,Delivered,41,Female,3.8
ORD100915,23-04-2026,P020,Mobile Cover,Accessories,499,150,2,20,12,60,Vadodara,Gujarat,Debit Card,Website,Delivered,44,Other,3.9
ORD100916,15-01-2026,P002,Smart Watch,Electronics,3999,2200,1,5,12,40,Jaipur,Rajasthan,Credit Card,Website,Returned,36,Female,3.3
ORD100917,10-04-2026,P013,Water Bottle,Home & Kitchen,699,260,2,0,8,75,Rajkot,Gujarat,Cash on Delivery,WhatsApp,Delivered,47,Male,3.2
ORD100918,12-04-2026,P004,USB-C Fast Charger,Electronics,899,420,2,5,10,60,Kochi,Kerala,UPI,Amazon,Delivered,39,Other,4
ORD100919,10-01-2026,P016,Yoga Mat,Fitness,999,420,1,5,10,50,Bengaluru,Karnataka,Credit Card,Amazon,Cancelled,54,Male,5
ORD100920,03-04-2026,P013,Water Bottle,Home & Kitchen,699,260,1,15,5,40,Lucknow,Uttar Pradesh,Credit Card,Website,Delivered,45,Female,3.5
ORD100921,12-03-2026,P006,Wireless Mouse,Electronics,1299,650,1,0,8,75,Surat,Gujarat,Cash on Delivery,WhatsApp,Delivered,31,Other,4.8
ORD100922,18-08-2026,P006,Wireless Mouse,Electronics,1299,650,2,10,8,50,Surat,Gujarat,Credit Card,Amazon,Delivered,44,Female,4
ORD100923,01-04-2026,P006,Wireless Mouse,Electronics,1299,650,3,20,10,40,Delhi,Delhi,Net Banking,WhatsApp,Returned,30,Male,4.4
ORD100924,20-06-2026,P019,Pen Set,Stationery,249,80,1,10,3,50,Pune,Maharashtra,Cash on Delivery,Instagram,Returned,49,Female,3.2
ORD100925,01-01-2026,P014,Coffee Mug,Home & Kitchen,499,180,1,5,10,100,Kolkata,West Bengal,UPI,Website,Delivered,31,Other,5
ORD100926,12-02-2026,P014,Coffee Mug,Home & Kitchen,499,180,1,15,5,60,Lucknow,Uttar Pradesh,Credit Card,Instagram,Cancelled,54,Male,3.7
ORD100927,20-03-2026,P012,Sunglasses,Fashion,1299,520,1,0,10,75,Kochi,Kerala,Cash on Delivery,Flipkart,Cancelled,40,Female,4.7
ORD100928,27-03-2026,P014,Coffee Mug,Home & Kitchen,499,180,1,5,10,75,Lucknow,Uttar Pradesh,Debit Card,Instagram,Delivered,53,Other,3.3
ORD100929,18-06-2026,P014,Coffee Mug,Home & Kitchen,499,180,1,15,8,100,Indore,Madhya Pradesh,UPI,Website,Returned,24,Male,4.3
ORD100930,08-05-2026,P020,Mobile Cover,Accessories,499,150,3,20,12,40,Surat,Gujarat,Cash on Delivery,WhatsApp,Returned,55,Male,4.3
ORD100931,27-04-2026,P014,Coffee Mug,Home & Kitchen,499,180,1,15,3,50,Lucknow,Uttar Pradesh,Cash on Delivery,Website,Cancelled,40,Female,3.8
ORD100932,20-07-2026,P013,Water Bottle,Home & Kitchen,699,260,1,20,8,60,Pune,Maharashtra,Debit Card,Amazon,Delivered,44,Other,3.5
ORD100933,09-02-2026,P014,Coffee Mug,Home & Kitchen,499,180,1,20,12,60,Ahmedabad,Gujarat,Debit Card,Instagram,Delivered,54,Female,3.5
ORD100934,11-04-2026,P013,Water Bottle,Home & Kitchen,699,260,1,20,10,50,Jaipur,Rajasthan,Cash on Delivery,Instagram,Delivered,43,Female,4
ORD100935,25-07-2026,P014,Coffee Mug,Home & Kitchen,499,180,1,20,3,100,Kolkata,West Bengal,Cash on Delivery,Amazon,Delivered,53,Male,4.9
ORD100936,22-04-2026,P007,Laptop Stand,Accessories,1499,780,1,20,5,40,Ahmedabad,Gujarat,Net Banking,WhatsApp,Delivered,23,Other,3.8
ORD100937,11-06-2026,P005,Mechanical Keyboard,Electronics,3299,1900,4,5,5,50,Jaipur,Rajasthan,Debit Card,Instagram,Delivered,52,Male,4.5
ORD100938,14-01-2026,P013,Water Bottle,Home & Kitchen,699,260,2,0,5,40,Jaipur,Rajasthan,Net Banking,Website,Delivered,25,Female,4.9
ORD100939,09-03-2026,P004,USB-C Fast Charger,Electronics,899,420,1,0,3,75,Mumbai,Maharashtra,Debit Card,Instagram,Delivered,43,Male,4
ORD100940,10-06-2026,P001,Wireless Headphones,Electronics,2499,1450,1,5,10,75,Bengaluru,Karnataka,Debit Card,Flipkart,Delivered,28,Male,3.6
ORD100941,05-06-2026,P006,Wireless Mouse,Electronics,1299,650,1,0,8,60,Jaipur,Rajasthan,Cash on Delivery,WhatsApp,Delivered,56,Other,3
ORD100942,01-02-2026,P017,Resistance Bands,Fitness,599,230,2,20,3,100,Kochi,Kerala,UPI,WhatsApp,Delivered,50,Male,3.4
ORD100943,08-01-2026,P012,Sunglasses,Fashion,1299,520,1,5,5,40,Rajkot,Gujarat,Credit Card,Amazon,Delivered,35,Female,3.4
ORD100944,16-06-2026,P003,Bluetooth Speaker,Electronics,1799,950,1,15,10,75,Hyderabad,Telangana,Net Banking,Flipkart,Delivered,30,Female,3.3
ORD100945,30-05-2026,P009,Running Shoes,Footwear,3499,1900,3,10,5,50,Surat,Gujarat,Cash on Delivery,Flipkart,Cancelled,46,Female,4.2
ORD100946,28-01-2026,P009,Running Shoes,Footwear,3499,1900,2,15,10,50,Chennai,Tamil Nadu,Net Banking,Amazon,Cancelled,41,Other,4.6
ORD100947,11-05-2026,P015,Desk Lamp,Home & Kitchen,1199,560,1,20,10,60,Ahmedabad,Gujarat,Net Banking,WhatsApp,Delivered,40,Female,3.1
ORD100948,22-07-2026,P006,Wireless Mouse,Electronics,1299,650,2,10,5,40,Delhi,Delhi,Credit Card,Amazon,Delivered,41,Male,4.6
ORD100949,03-01-2026,P004,USB-C Fast Charger,Electronics,899,420,1,10,5,75,Kolkata,West Bengal,Net Banking,Amazon,Returned,32,Other,3.1
ORD100950,25-02-2026,P010,Casual T-Shirt,Fashion,799,350,1,20,8,100,Hyderabad,Telangana,UPI,WhatsApp,Delivered,59,Female,4.4
ORD100951,20-02-2026,P014,Coffee Mug,Home & Kitchen,499,180,1,0,10,75,Pune,Maharashtra,UPI,Amazon,Delivered,44,Male,3.2
ORD100952,09-04-2026,P006,Wireless Mouse,Electronics,1299,650,1,20,3,60,Chennai,Tamil Nadu,UPI,WhatsApp,Delivered,18,Female,3.6
ORD100953,24-08-2026,P013,Water Bottle,Home & Kitchen,699,260,1,0,8,40,Hyderabad,Telangana,UPI,Flipkart,Cancelled,24,Female,4.4
ORD100954,13-04-2026,P009,Running Shoes,Footwear,3499,1900,1,20,8,75,Pune,Maharashtra,Net Banking,Website,Delivered,43,Female,4.4
ORD100955,22-08-2026,P015,Desk Lamp,Home & Kitchen,1199,560,1,10,12,40,Jaipur,Rajasthan,UPI,Instagram,Delivered,21,Male,3.3
ORD100956,22-04-2026,P011,Hoodie,Fashion,1599,720,2,5,3,50,Kolkata,West Bengal,Debit Card,WhatsApp,Delivered,18,Other,4.7
ORD100957,29-01-2026,P009,Running Shoes,Footwear,3499,1900,2,10,3,60,Ahmedabad,Gujarat,Debit Card,WhatsApp,Delivered,42,Female,4.4
ORD100958,02-02-2026,P005,Mechanical Keyboard,Electronics,3299,1900,1,5,12,75,Surat,Gujarat,Cash on Delivery,Website,Delivered,51,Other,3.5
ORD100959,24-03-2026,P016,Yoga Mat,Fitness,999,420,1,15,5,40,Mumbai,Maharashtra,Debit Card,Amazon,Returned,23,Female,4.1
ORD100960,08-08-2026,P008,Travel Backpack,Bags,2199,1150,1,0,3,75,Kolkata,West Bengal,UPI,Instagram,Delivered,18,Other,3.4
ORD100961,29-03-2026,P013,Water Bottle,Home & Kitchen,699,260,1,20,12,100,Surat,Gujarat,Debit Card,Amazon,Delivered,47,Other,3.3
ORD100962,26-02-2026,P017,Resistance Bands,Fitness,599,230,1,15,10,100,Vadodara,Gujarat,Net Banking,Instagram,Delivered,43,Male,3.1
ORD100963,11-08-2026,P014,Coffee Mug,Home & Kitchen,499,180,1,0,5,75,Mumbai,Maharashtra,UPI,Website,Cancelled,33,Male,4.8
ORD100964,19-06-2026,P006,Wireless Mouse,Electronics,1299,650,1,15,8,60,Bengaluru,Karnataka,UPI,WhatsApp,Cancelled,23,Female,3.9
ORD100965,11-05-2026,P005,Mechanical Keyboard,Electronics,3299,1900,1,0,10,60,Delhi,Delhi,Debit Card,Website,Delivered,21,Other,3.8
ORD100966,14-04-2026,P014,Coffee Mug,Home & Kitchen,499,180,1,20,8,100,Rajkot,Gujarat,Net Banking,Flipkart,Delivered,51,Female,3.2
ORD100967,26-02-2026,P002,Smart Watch,Electronics,3999,2200,1,0,3,100,Surat,Gujarat,Debit Card,Instagram,Delivered,22,Other,3.2
ORD100968,03-07-2026,P008,Travel Backpack,Bags,2199,1150,2,15,10,40,Kolkata,West Bengal,Credit Card,Amazon,Delivered,49,Male,3.3
ORD100969,30-06-2026,P007,Laptop Stand,Accessories,1499,780,1,10,3,40,Mumbai,Maharashtra,Credit Card,WhatsApp,Cancelled,57,Female,4.5
ORD100970,18-01-2026,P008,Travel Backpack,Bags,2199,1150,1,5,8,75,Jaipur,Rajasthan,Credit Card,Website,Delivered,60,Female,3.9
ORD100971,14-08-2026,P001,Wireless Headphones,Electronics,2499,1450,1,5,3,100,Mumbai,Maharashtra,Debit Card,Flipkart,Delivered,55,Male,4
ORD100972,29-07-2026,P008,Travel Backpack,Bags,2199,1150,1,20,8,50,Ahmedabad,Gujarat,Net Banking,WhatsApp,Delivered,28,Male,4.6
ORD100973,27-03-2026,P004,USB-C Fast Charger,Electronics,899,420,1,15,8,100,Kolkata,West Bengal,Debit Card,Flipkart,Delivered,34,Female,3.9
ORD100974,17-08-2026,P012,Sunglasses,Fashion,1299,520,1,20,10,40,Pune,Maharashtra,Debit Card,WhatsApp,Cancelled,58,Male,3.3
ORD100975,06-02-2026,P014,Coffee Mug,Home & Kitchen,499,180,2,15,3,50,Jaipur,Rajasthan,Net Banking,Flipkart,Delivered,41,Male,4.5
ORD100976,13-06-2026,P007,Laptop Stand,Accessories,1499,780,3,10,12,75,Delhi,Delhi,Net Banking,Instagram,Delivered,34,Other,3.7
ORD100977,12-03-2026,P011,Hoodie,Fashion,1599,720,1,5,3,100,Delhi,Delhi,Net Banking,Amazon,Delivered,57,Male,3.9
ORD100978,22-07-2026,P015,Desk Lamp,Home & Kitchen,1199,560,1,10,3,40,Lucknow,Uttar Pradesh,Cash on Delivery,Instagram,Delivered,47,Other,3.3
ORD100979,11-02-2026,P010,Casual T-Shirt,Fashion,799,350,1,15,8,40,Jaipur,Rajasthan,Debit Card,Website,Delivered,47,Male,3.4
ORD100980,20-03-2026,P019,Pen Set,Stationery,249,80,1,15,8,40,Bengaluru,Karnataka,UPI,Amazon,Delivered,26,Female,4.8
ORD100981,24-05-2026,P017,Resistance Bands,Fitness,599,230,1,0,8,50,Lucknow,Uttar Pradesh,Credit Card,Flipkart,Delivered,55,Male,3.6
ORD100982,05-03-2026,P002,Smart Watch,Electronics,3999,2200,1,15,10,75,Pune,Maharashtra,UPI,Amazon,Returned,37,Other,3.6
ORD100983,24-03-2026,P019,Pen Set,Stationery,249,80,1,5,5,60,Kochi,Kerala,Credit Card,Flipkart,Cancelled,53,Male,3.6
ORD100984,10-06-2026,P003,Bluetooth Speaker,Electronics,1799,950,1,20,5,75,Kochi,Kerala,Cash on Delivery,Website,Delivered,26,Other,3.9
ORD100985,02-07-2026,P011,Hoodie,Fashion,1599,720,1,15,8,75,Jaipur,Rajasthan,Cash on Delivery,Flipkart,Delivered,44,Female,3.1
ORD100986,18-04-2026,P018,Notebook,Stationery,299,95,1,5,12,60,Lucknow,Uttar Pradesh,Credit Card,WhatsApp,Delivered,50,Female,3.3
ORD100987,17-03-2026,P018,Notebook,Stationery,299,95,2,15,5,75,Kochi,Kerala,UPI,Flipkart,Delivered,51,Female,4.7
ORD100988,16-06-2026,P003,Bluetooth Speaker,Electronics,1799,950,1,10,12,40,Indore,Madhya Pradesh,Debit Card,WhatsApp,Delivered,48,Other,3.7
ORD100989,22-06-2026,P002,Smart Watch,Electronics,3999,2200,1,0,5,100,Chennai,Tamil Nadu,Credit Card,WhatsApp,Cancelled,49,Male,3.4
ORD100990,04-07-2026,P005,Mechanical Keyboard,Electronics,3299,1900,1,15,12,50,Mumbai,Maharashtra,UPI,Website,Delivered,18,Male,4.2
ORD100991,22-02-2026,P004,USB-C Fast Charger,Electronics,899,420,1,15,3,100,Rajkot,Gujarat,Cash on Delivery,Flipkart,Delivered,21,Male,3.6
ORD100992,02-03-2026,P016,Yoga Mat,Fitness,999,420,4,10,12,75,Indore,Madhya Pradesh,Net Banking,Website,Cancelled,45,Male,4.3
ORD100993,18-06-2026,P006,Wireless Mouse,Electronics,1299,650,1,5,12,100,Kolkata,West Bengal,Credit Card,Flipkart,Delivered,48,Female,3.6
ORD100994,05-04-2026,P004,USB-C Fast Charger,Electronics,899,420,3,10,10,75,Bengaluru,Karnataka,UPI,Flipkart,Returned,44,Female,3.3
ORD100995,10-04-2026,P010,Casual T-Shirt,Fashion,799,350,1,20,8,40,Chennai,Tamil Nadu,Net Banking,Flipkart,Delivered,20,Female,4.9
ORD100996,12-03-2026,P015,Desk Lamp,Home & Kitchen,1199,560,2,5,8,100,Bengaluru,Karnataka,Net Banking,Instagram,Delivered,40,Other,4.1
ORD100997,08-02-2026,P017,Resistance Bands,Fitness,599,230,1,20,8,75,Jaipur,Rajasthan,Credit Card,Amazon,Delivered,60,Female,4.8
ORD100998,04-05-2026,P003,Bluetooth Speaker,Electronics,1799,950,2,15,12,50,Jaipur,Rajasthan,Net Banking,WhatsApp,Delivered,60,Other,3.5
ORD100999,31-03-2026,P011,Hoodie,Fashion,1599,720,1,20,10,40,Chennai,Tamil Nadu,UPI,Website,Cancelled,28,Male,3.2
ORD101000,02-05-2026,P004,USB-C Fast Charger,Electronics,899,420,1,5,5,40,Jaipur,Rajasthan,Credit Card,Flipkart,Delivered,44,Male,3.1
ORD101001,11-07-2026,P009,Running Shoes,Footwear,3499,1900,1,15,8,100,Indore,Madhya Pradesh,UPI,Instagram,Delivered,38,Male,4.4
